E- (meV)	LETPLET_thf_background_summed_1.05meV_coh_rings_0.35A-1	E+ (meV)	LETPLET_thf_background_summed_1.05meV_coh_rings_0.35A-1	E- (meV)	LETPLET_thf_background_summed_1.05meV_coh_rings_0.45A-1	E+ (meV)	LETPLET_thf_background_summed_1.05meV_coh_rings_0.45A-1	E- (meV)	LETPLET_thf_background_summed_1.05meV_coh_rings_0.55A-1	E+ (meV)	LETPLET_thf_background_summed_1.05meV_coh_rings_0.55A-1	E- (meV)	LETPLET_thf_background_summed_1.05meV_coh_rings_0.6499999999999999A-1	E+ (meV)	LETPLET_thf_background_summed_1.05meV_coh_rings_0.6499999999999999A-1	E- (meV)	LETPLET_thf_background_summed_1.05meV_coh_rings_0.75A-1	E+ (meV)	LETPLET_thf_background_summed_1.05meV_coh_rings_0.75A-1	E- (meV)	LETPLET_thf_background_summed_1.05meV_coh_rings_0.8499999999999999A-1	E+ (meV)	LETPLET_thf_background_summed_1.05meV_coh_rings_0.8499999999999999A-1	E- (meV)	LETPLET_thf_background_summed_1.05meV_coh_rings_0.95A-1	E+ (meV)	LETPLET_thf_background_summed_1.05meV_coh_rings_0.95A-1	E- (meV)	LETPLET_thf_background_summed_1.05meV_coh_rings_1.0499999999999998A-1	E+ (meV)	LETPLET_thf_background_summed_1.05meV_coh_rings_1.0499999999999998A-1	E- (meV)	LETPLET_thf_background_summed_1.05meV_coh_rings_1.15A-1	E+ (meV)	LETPLET_thf_background_summed_1.05meV_coh_rings_1.15A-1	E- (meV)	LETPLET_thf_background_summed_1.05meV_coh_rings_1.25A-1	E+ (meV)	LETPLET_thf_background_summed_1.05meV_coh_rings_1.25A-1
0.006910578749	4.366730247347448e-05	0.008130071609	7.086707293737817e-05	0.006910578749	8.122267666785817e-05	0.008130071609	6.519292070237531e-05	0.006910578749	6.877529541228433e-05	0.008130071609	4.263779482600336e-05	0.006910578749	-1.350436555730664e-05	0.008130071609	-3.643453393754856e-05	0.006910578749	-2.565821562835499e-06	0.008130071609	1.7602320639463116e-05	0.006910578749	-2.0630445952029662e-05	0.008130071609	2.6477943655922223e-05	0.006910578749	3.2633768352866775e-05	0.008130071609	-1.4737371978756882e-05	0.006910578749	4.674584743368486e-05	0.008130071609	7.714570634786081e-05	0.006910578749	5.3405348183661097e-05	0.008130071609	-1.4080205258245436e-05	0.006910578749	2.5922667563062446e-05	0.008130071609	-1.8052654566693237e-06
0.02195122911	2.5055834493316862e-05	0.02317072197	5.600536782798528e-05	0.02195122911	0.00016736202174596354	0.02317072197	1.1718800598500502e-06	0.02195122911	-2.9208463485839913e-05	0.02317072197	-4.27049353636118e-06	0.02195122911	-5.382361711538099e-06	0.02317072197	5.4386009267346084e-05	0.02195122911	8.403597241355676e-06	0.02317072197	3.0503621675587635e-05	0.02195122911	-0.00013018672610883657	0.02317072197	-5.985396530853124e-06	0.02195122911	2.7329086122817217e-05	0.02317072197	1.6522759201863084e-05	0.02195122911	4.639282216711704e-05	0.02317072197	-1.7981618098828606e-05	0.02195122911	1.6468449600377776e-06	0.02317072197	8.124750860485222e-05	0.02195122911	3.5881874070843134e-05	0.02317072197	2.517455614459534e-06
0.03699187947	5.817193100116462e-05	0.03821137233	-4.4658600573442816e-05	0.03699187947	3.724306889155826e-05	0.03821137233	-1.1109536147075079e-05	0.03699187947	-3.156027633994705e-05	0.03821137233	0.00013197451426577543	0.03699187947	0.0	0.03821137233	4.041323165177257e-06	0.03699187947	2.5445463160743747e-05	0.03821137233	-2.568909109611702e-05	0.03699187947	4.5689685869149204e-05	0.03821137233	8.912146298431496e-05	0.03699187947	8.950832000449923e-05	0.03821137233	-6.16728747433057e-05	0.03699187947	8.756599101248273e-05	0.03821137233	4.898897214907213e-05	0.03699187947	4.871341271260397e-06	0.03821137233	-4.33216701314111e-05	0.03699187947	3.607953003963638e-05	0.03821137233	5.799813551041481e-05
0.05203252982	-7.311271978343991e-05	0.05325202268	8.189986982091971e-05	0.05203252982	7.481851538267688e-05	0.05325202268	1.7417982002515053e-05	0.05203252982	-2.5252996261571153e-05	0.05325202268	3.77369241857469e-05	0.05203252982	1.4803434307695226e-05	0.05325202268	9.103283139227611e-05	0.05203252982	-2.6310247085446718e-05	0.05325202268	-1.701504671633231e-06	0.05203252982	6.891080287607551e-05	0.05325202268	0.00010858651279466623	0.05203252982	1.2885911805323471e-05	0.05325202268	2.965148512136658e-05	0.05203252982	1.2605511256237517e-05	0.05325202268	-8.32179376257944e-06	0.05203252982	5.6983660658897326e-05	0.05325202268	0.00011227155377816864	0.05203252982	7.20627827302515e-05	0.05325202268	0.00015730362905167842
0.06707318018	-6.785810694903678e-06	0.06829267304	0.00011601643045014384	0.06707318018	7.188877726531428e-06	0.06829267304	2.4158135086080364e-05	0.06707318018	-8.06606338814261e-05	0.06829267304	8.238871873187081e-05	0.06707318018	-0.0001660886012200589	0.06829267304	5.327783054383717e-05	0.06707318018	0.0001310124679780844	0.06829267304	0.00010024067636208152	0.06707318018	-6.744583816757612e-05	0.06829267304	5.893469755207183e-06	0.06707318018	-7.056722684062527e-05	0.06829267304	2.5436481883693862e-05	0.06707318018	0.0001320933642780264	0.06829267304	2.2580416402484133e-05	0.06707318018	-3.55027264713634e-05	0.06829267304	-8.07969019655727e-05	0.06707318018	2.6445627662247323e-05	0.06829267304	5.116993370383375e-05
0.08211383054	0.0001272863357252272	0.0833333234	-0.00013814219325514152	0.08211383054	6.288688469014638e-05	0.0833333234	-1.8376429405515308e-05	0.08211383054	9.318268921812467e-05	0.0833333234	-3.339711297721124e-05	0.08211383054	0.0002871262179712277	0.0833333234	-0.00036390699687804885	0.08211383054	8.550848303472205e-05	0.0833333234	-4.632366167551509e-05	0.08211383054	-9.558089031826549e-05	0.0833333234	-0.00011375150123382653	0.08211383054	6.40251778427303e-05	0.0833333234	-1.6073535697284102e-05	0.08211383054	-2.5936355119487185e-05	0.0833333234	0.00014983658081313016	0.08211383054	-1.2534916104699628e-05	0.0833333234	-3.083320232070237e-05	0.08211383054	6.880455443702824e-05	0.0833333234	1.718565708358119e-05
0.0971544809	-0.0001781656988979862	0.09837397376	5.619830875839511e-05	0.0971544809	-1.1355813464598669e-05	0.09837397376	0.0001710223496762061	0.0971544809	1.804316765416882e-05	0.09837397376	-3.164156913284829e-05	0.0971544809	-1.8128085939456811e-06	0.09837397376	-9.962462182343052e-05	0.0971544809	-8.145109242484666e-05	0.09837397376	0.00037463049433769614	0.0971544809	2.0491304548256538e-05	0.09837397376	1.533092513660653e-06	0.0971544809	-5.770064307092781e-06	0.09837397376	0.0002878961276550897	0.0971544809	-9.267789868764818e-05	0.09837397376	4.0006236779941306e-05	0.0971544809	0.00011068784525999933	0.09837397376	0.00015616403244202458	0.0971544809	6.036929091728381e-05	0.09837397376	0.00012602617739016663
0.1121951313	1.6719820723243155e-05	0.1134146241	8.228756180991359e-05	0.1121951313	9.30641694738898e-05	0.1134146241	0.0002236361691411753	0.1121951313	0.00013946360599234643	0.1134146241	-3.432650248574321e-05	0.1121951313	-5.503448347113335e-05	0.1134146241	-0.00016714340608684947	0.1121951313	-6.8208706856733154e-06	0.1134146241	4.685506594708885e-05	0.1121951313	-2.5668071489095834e-05	0.1134146241	0.00020459447329534028	0.1121951313	6.654671636625409e-05	0.1134146241	-6.486836755464205e-05	0.1121951313	0.00020264579852600034	0.1134146241	-8.880423465114458e-05	0.1121951313	7.152480586834958e-05	0.1134146241	-8.424129768311638e-05	0.1121951313	0.0002366464305873923	0.1134146241	-0.00019725813977657713
0.1272357816	0.00020773694387832755	0.1284552745	4.4376880300988296e-05	0.1272357816	8.72337071317492e-05	0.1284552745	0.000411587893682474	0.1272357816	0.00015935408121792673	0.1284552745	-0.000392968619893082	0.1272357816	-0.0004234489233632295	0.1284552745	0.00013110202693176906	0.1272357816	-0.00012254855857869758	0.1284552745	0.0002630743973353888	0.1272357816	0.0001487040507071639	0.1284552745	-9.725765368813568e-05	0.1272357816	-0.000120082253779433	0.1284552745	-0.00011010959621154284	0.1272357816	-1.5797312680075603e-05	0.1284552745	-5.391680927839925e-05	0.1272357816	7.323102501982681e-06	0.1284552745	-0.00018491101994828817	0.1272357816	1.1626524853101888e-05	0.1284552745	5.8852652972415035e-05
0.142276432	0.0001875012043084769	0.1434959248	6.463725276216428e-05	0.142276432	3.6284824591075096e-05	0.1434959248	0.00018779393017546658	0.142276432	0.00014320637708079646	0.1434959248	0.00046773112865914495	0.142276432	0.0003011581496887507	0.1434959248	-0.0001593514326864172	0.142276432	1.9086742731049406e-05	0.1434959248	-4.477126576677952e-06	0.142276432	-0.0002513036517430229	0.1434959248	-9.935492928128498e-05	0.142276432	0.00010883418749356506	0.1434959248	0.0001500147013034919	0.142276432	-4.445174184068832e-05	0.1434959248	-5.542217382364801e-05	0.142276432	9.270427148879032e-05	0.1434959248	-0.0001664860053239953	0.142276432	-4.552464596807807e-05	0.1434959248	0.0003039460721949336
0.1573170823	8.537668471325385e-05	0.1585365752	-6.26734958889622e-05	0.1573170823	0.00011557462072802008	0.1585365752	5.7928514822438164e-05	0.1573170823	-0.0001803544662098108	0.1585365752	0.0009205836804755233	0.1573170823	0.00022983657080825323	0.1585365752	0.0003144086696396542	0.1573170823	0.000616235327538936	0.1585365752	0.0002509238245183322	0.1573170823	1.4061265629916715e-05	0.1585365752	-0.00025353494015247787	0.1573170823	-4.505318350432023e-05	0.1585365752	0.00013567491428603473	0.1573170823	-8.668886724236815e-05	0.1585365752	-0.00010587414747953863	0.1573170823	0.0004524214251165158	0.1585365752	3.952257289852347e-05	0.1573170823	6.523954132260127e-06	0.1585365752	3.164998801445167e-05
0.1723577327	7.19921638322067e-05	0.1735772255	-0.00010175716179867217	0.1723577327	5.32809366632154e-05	0.1735772255	-1.9835811482655956e-05	0.1723577327	3.2265419570663996e-05	0.1735772255	-3.72726284176468e-05	0.1723577327	0.0002780109249842643	0.1735772255	0.00019195312721262598	0.1723577327	0.00014783307423194697	0.1735772255	0.00021796636025987124	0.1723577327	-1.993666309559481e-05	0.1735772255	0.0006172456942821747	0.1723577327	3.23664406989982e-05	0.1735772255	0.0002690079315856663	0.1723577327	-1.430526410633829e-05	0.1735772255	0.00023512365546898725	0.1723577327	-4.886343451099904e-05	0.1735772255	-0.00021284153632846755	0.1723577327	-0.00017654394726300345	0.1735772255	-0.00028349206118367275
0.187398383	-0.00018444168337500972	0.1886178759	0.00020704157875933208	0.187398383	-6.379397887256392e-05	0.1886178759	0.0003058567359454822	0.187398383	0.00010649861834069922	0.1886178759	0.0002724993940769879	0.187398383	-9.785924565655833e-05	0.1886178759	0.0002279951581054126	0.187398383	9.195101090987164e-05	0.1886178759	0.0006397895277630538	0.187398383	1.7119893699888026e-05	0.1886178759	0.000911481923779747	0.187398383	4.21170968488039e-05	0.1886178759	7.004053560736665e-05	0.187398383	0.0003001546742483081	0.1886178759	-8.118373432207295e-05	0.187398383	0.00012067543591310141	0.1886178759	0.0007194236826299956	0.187398383	2.0370921740138893e-05	0.1886178759	-8.726590069216884e-05
0.2024390334	0.00010626092046951143	0.2036585263	0.0011103175267719073	0.2024390334	0.00013031597333610563	0.2036585263	0.0006588128072996983	0.2024390334	-1.1705776305550522e-05	0.2036585263	-8.903696697444482e-05	0.2024390334	0.00012832475777589897	0.2036585263	0.00064257839477304	0.2024390334	8.522400933899225e-05	0.2036585263	-0.00012946744099627032	0.2024390334	-1.998411689193565e-05	0.2036585263	0.0005765172538319659	0.2024390334	0.0	0.2036585263	0.0009879132203712113	0.2024390334	-1.9170650949008063e-05	0.2036585263	-0.00041063283406265626	0.2024390334	9.659386752991014e-06	0.2036585263	0.0006331789229729648	0.2024390334	-2.380622882869412e-05	0.2036585263	-5.5360490401986847e-05
0.2174796838	5.445789376915198e-05	0.2186991766	-8.316119621468046e-05	0.2174796838	4.273110384003235e-05	0.2186991766	0.0002793835871912282	0.2174796838	-6.98532693100461e-05	0.2186991766	0.000773558905936288	0.2174796838	-4.888994255988626e-05	0.2186991766	0.0010515614643010335	0.2174796838	8.823007996653998e-05	0.2186991766	-0.00027333378960393145	0.2174796838	-0.00020409480114367802	0.2186991766	-6.692348374989753e-05	0.2174796838	0.00015150567130914504	0.2186991766	-0.00020031655001604678	0.2174796838	-4.7306446811586533e-05	0.2186991766	0.0011659287694957006	0.2174796838	-0.0003192253865538831	0.2186991766	-7.384256195539213e-05	0.2174796838	-4.691125317486861e-05	0.2186991766	0.00039101820623188083
0.2325203341	1.1216737678193058e-06	0.233739827	0.0009566472081869239	0.2325203341	0.0006467171740561467	0.233739827	-0.00017437452944853038	0.2325203341	-0.00014563392475418	0.233739827	-0.00028468933156703937	0.2325203341	-0.00016809993024506726	0.233739827	-0.00021347390336170686	0.2325203341	0.0005243486410875902	0.233739827	-0.0003530680611285813	0.2325203341	3.495166466525517e-05	0.233739827	-0.0003196950867242377	0.2325203341	-0.00011391866402546687	0.233739827	0.001456288497017834	0.2325203341	9.253749591110124e-05	0.233739827	-5.271824569265242e-06	0.2325203341	-0.00011425681965087533	0.233739827	0.0003286677388074977	0.2325203341	0.00022725688338679937	0.233739827	8.58533287089818e-05
0.2475609845	-3.397723639161918e-05	0.2487804773	0.0010951908367418702	0.2475609845	-1.2771194115232948e-05	0.2487804773	0.0013217946552260714	0.2475609845	-0.0001543125897223726	0.2487804773	0.0009243616570975064	0.2475609845	-6.0012682451513494e-05	0.2487804773	-0.0009607218008464626	0.2475609845	-1.6255647588703232e-05	0.2487804773	0.00019343642278038734	0.2475609845	0.00036577608436054606	0.2487804773	0.0003082048259225324	0.2475609845	-0.0001226494086500009	0.2487804773	0.0012698258234612922	0.2475609845	-4.968132475672401e-05	0.2487804773	0.0003182359085787684	0.2475609845	9.620786726011326e-05	0.2487804773	5.566773725019558e-06	0.2475609845	-7.93102321193563e-05	0.2487804773	-0.000174603191093836
0.2626016348	7.040432675524412e-05	0.2638211277	-4.799280052597337e-05	0.2626016348	-0.0001554047036074986	0.2638211277	0.0012404616501636538	0.2626016348	0.00019982308334477985	0.2638211277	0.0002296310878009287	0.2626016348	-0.0004956476969565448	0.2638211277	0.0014860021715456515	0.2626016348	-0.0005665491012219499	0.2638211277	0.00036339371290065284	0.2626016348	0.00017128106461527132	0.2638211277	0.00020914343448748772	0.2626016348	-0.00012299220608829662	0.2638211277	0.0017275309614249222	0.2626016348	-9.842136524363408e-05	0.2638211277	-5.095265794519123e-05	0.2626016348	-0.0003517784573610855	0.2638211277	0.0006293001881902965	0.2626016348	7.270570265062974e-05	0.2638211277	-0.00019701117308753912
0.2776422852	0.00048549913880841086	0.2788617781	-0.00020295792038923973	0.2776422852	2.2295640981764708e-05	0.2788617781	0.0002426277074378845	0.2776422852	-0.00023245537867050225	0.2788617781	1.6959893913864573e-05	0.2776422852	-1.4830015269021941e-05	0.2788617781	-0.00012319735573133877	0.2776422852	-0.0002794903370783424	0.2788617781	0.0008659721751673552	0.2776422852	0.0004016923511383317	0.2788617781	0.0013695642982207241	0.2776422852	-9.701668411855805e-05	0.2788617781	0.00047129493291284244	0.2776422852	0.00012098041126297575	0.2788617781	-0.0003675539022159126	0.2776422852	-0.0001640791268288294	0.2788617781	0.0008560688673616748	0.2776422852	-0.00032538552290742507	0.2788617781	8.43500015970533e-06
0.2926829356	0.00027420479350309283	0.2939024284	-0.00023842724486670188	0.2926829356	3.1961393608280546e-05	0.2939024284	0.0005340378494148841	0.2926829356	-5.8774311139627304e-05	0.2939024284	0.0004876613093202522	0.2926829356	0.00018507882085593407	0.2939024284	0.0010460254481058167	0.2926829356	-0.0002581233765134612	0.2939024284	-0.0003322130828866918	0.2926829356	0.000274502220515938	0.2939024284	0.0011523022535553048	0.2926829356	0.00010104799626900925	0.2939024284	-0.0003940604721922461	0.2926829356	0.00031132378712750474	0.2939024284	-0.0003436382254088129	0.2926829356	-8.479528786945239e-05	0.2939024284	0.0016633789160861064	0.2926829356	-5.870491193198603e-05	0.2939024284	0.0027534258216011746
0.3077235859	-0.00024851638446172515	0.3089430788	0.0006547555030120225	0.3077235859	-0.00027283832870018374	0.3089430788	0.0007709149102633721	0.3077235859	0.0005222331316771224	0.3089430788	0.0016283069296213325	0.3077235859	0.0001259959416223109	0.3089430788	-0.0002775469768642999	0.3077235859	-0.00012198087656907477	0.3089430788	0.0013679103589276142	0.3077235859	-2.984361651833376e-05	0.3089430788	-0.00024658251775056905	0.3077235859	0.00024892638595177933	0.3089430788	-6.599268738012064e-05	0.3077235859	0.0004362833563116635	0.3089430788	0.00047842264167662004	0.3077235859	0.0	0.3089430788	0.0010890762590364152	0.3077235859	-0.00015425547113105318	0.3089430788	-0.0005155709604613061
0.3227642363	0.0004929665650629231	0.3239837291	0.000735881723388886	0.3227642363	0.00010011264098194136	0.3239837291	-0.00021924834390325409	0.3227642363	0.0004111373632713544	0.3239837291	-0.0010062473602655525	0.3227642363	0.0005444907221820522	0.3239837291	0.0011089886464009941	0.3227642363	0.000253076209283206	0.3239837291	-0.00035701007427357427	0.3227642363	-2.160520752380811e-07	0.3239837291	0.0007616489098529062	0.3227642363	-0.00010967035430259333	0.3239837291	0.001550870368439164	0.3227642363	0.0002519527760580601	0.3239837291	0.0009516844476926566	0.3227642363	0.00011091408096214912	0.3239837291	0.0008600791501718028	0.3227642363	0.00022753970270501635	0.3239837291	0.002887198095619483
0.3378048866	0.001063549954483138	0.3390243795	0.0005939899443201953	0.3378048866	4.8884946984892184e-05	0.3390243795	0.00023889599222864206	0.3378048866	0.0004305429308362434	0.3390243795	0.0018181152543676582	0.3378048866	-0.00016992762336482235	0.3390243795	0.00048706857983079813	0.3378048866	0.000400378747137783	0.3390243795	0.0007143788830611776	0.3378048866	-0.00036705369598707564	0.3390243795	2.2065205055021916e-05	0.3378048866	-6.784679146375661e-05	0.3390243795	0.0009051743185419183	0.3378048866	-0.00011482261475524636	0.3390243795	0.0006126993748875823	0.3378048866	4.576509679503513e-06	0.3390243795	-0.0002263996166295046	0.3378048866	-9.371138333312812e-05	0.3390243795	0.0005308831273600048
0.352845537	1.8147548194745442e-06	0.3540650298	0.0012056817604833626	0.352845537	-0.00022418913937425743	0.3540650298	0.00018118502127012056	0.352845537	-0.00014782683439088008	0.3540650298	0.002627239792222541	0.352845537	-1.0791332449605741e-07	0.3540650298	0.0015773103998531707	0.352845537	-0.00022627599247481705	0.3540650298	-0.0016854182632941815	0.352845537	0.00030184162982393466	0.3540650298	0.0006247375213672149	0.352845537	0.0	0.3540650298	0.0005191783077482365	0.352845537	0.0002778718805801514	0.3540650298	0.0006829093810242423	0.352845537	2.9468814497731545e-05	0.3540650298	0.00043666277467709926	0.352845537	5.194403841540098e-07	0.3540650298	-0.007991497993048113
0.3678861873	0.0	0.3691056802	0.0011823535506897008	0.3678861873	-1.3677237467568971e-05	0.3691056802	-0.00033236764817441954	0.3678861873	0.0008312018455598186	0.3691056802	0.0014852006337232055	0.3678861873	0.0004281414333497535	0.3691056802	0.0014210912334469408	0.3678861873	0.00042530513999815094	0.3691056802	0.0005569240137969172	0.3678861873	0.00013245757258237818	0.3691056802	0.001188250288500447	0.3678861873	0.0	0.3691056802	-0.00011363332723599286	0.3678861873	6.214597365446628e-05	0.3691056802	0.0028864130622501404	0.3678861873	-0.0003021025409867771	0.3691056802	0.0014194430180555872	0.3678861873	0.00015340972722716723	0.3691056802	0.0
0.3829268377	0.0008406304127306381	0.3841463306	0.00074792855399384	0.3829268377	0.0002907683087406588	0.3841463306	0.0012470512273420036	0.3829268377	6.35147004391141e-06	0.3841463306	0.0007349932436121902	0.3829268377	0.00010514684728580983	0.3841463306	0.0014350744575609095	0.3829268377	0.0	0.3841463306	9.685233120046553e-05	0.3829268377	-2.6475475793743915e-05	0.3841463306	-1.2981705043347745e-05	0.3829268377	0.00010907957626216553	0.3841463306	0.002295011034975365	0.3829268377	-5.747897444018025e-05	0.3841463306	0.00341160165202502	0.3829268377	-0.000422697660296802	0.3841463306	0.0006722873797273472	0.3829268377	0.00018104588613421485	0.3841463306	0.0
0.3979674881	-0.000127664464692194	0.3991869809	-0.002236120521478892	0.3979674881	-2.0546114865611353e-05	0.3991869809	0.002390588117740348	0.3979674881	0.0	0.3991869809	-5.72875582312442e-05	0.3979674881	0.00012176606983067331	0.3991869809	-0.0003689461483301619	0.3979674881	-0.00011355893512647749	0.3991869809	-0.0008980338961495214	0.3979674881	0.00010649910502604336	0.3991869809	-0.0012826292865520741	0.3979674881	-0.000120361060229774	0.3991869809	5.835092965637982e-05	0.3979674881	0.00027866233059968245	0.3991869809	-0.0001957398365821044	0.3979674881	0.000379069000804933	0.3991869809	0.0009438811250738179	0.3979674881	-0.0001434173558339744	0.3991869809	
0.4130081384	-2.646991832044338e-05	0.4142276313	8.886163470085332e-05	0.4130081384	-0.00025841534596393465	0.4142276313	0.0024724434703729883	0.4130081384	-0.00028962078576363036	0.4142276313	0.0005903770416197297	0.4130081384	-8.51978794414396e-05	0.4142276313	-0.0005003065901351343	0.4130081384	3.490048743182625e-05	0.4142276313	0.0020840918078933435	0.4130081384	0.00019778587554690754	0.4142276313	-0.0006518868150416113	0.4130081384	-0.00013181884982028908	0.4142276313	0.0008173928251952315	0.4130081384	0.0002005903787099828	0.4142276313	-0.0016166465136311545	0.4130081384	0.0006230779595870196	0.4142276313	-0.0028894144145665697	0.4130081384	0.00034516902357935227	0.4142276313	
0.4280487888	-0.000127482291987575	0.4292682816	0.0030884093424618786	0.4280487888	0.00017792904284195281	0.4292682816	0.0027153588753936826	0.4280487888	0.00031340955853484403	0.4292682816	-8.298239997963332e-05	0.4280487888	-0.0003392308791539761	0.4292682816	0.002386255242777652	0.4280487888	0.00033525823123825604	0.4292682816	-0.0007755773722337825	0.4280487888	-0.000542033490162888	0.4292682816	0.0014223249706657956	0.4280487888	-6.081073830686906e-05	0.4292682816	0.001225818027245726	0.4280487888	-0.0002527407724524052	0.4292682816	0.0014390097569578857	0.4280487888	0.0001538687287000802	0.4292682816	0.0030343396745249997	0.4280487888	-0.00011099331260048873	0.4292682816	
0.4430894391	-0.00014224196694694792	0.444308932	0.002267654231647087	0.4430894391	0.00047953655581633965	0.444308932	-0.0009557520682457957	0.4430894391	0.00024866439411393263	0.444308932	0.0010516504989440617	0.4430894391	-0.00017481766083353746	0.444308932	0.003139827449168341	0.4430894391	-0.00012411184443423967	0.444308932	0.0016128567727393347	0.4430894391	-0.00039907835475360657	0.444308932	0.0033781822915280877	0.4430894391	-9.655991748125061e-05	0.444308932	0.0023402451828296194	0.4430894391	0.0	0.444308932	0.002065426790157056	0.4430894391	0.0005392036627761009	0.444308932	0.0022178094437207184	0.4430894391	9.31399390688404e-06	0.444308932	
0.4581300895	0.00010565621160326327	0.4593495824	0.004046133960001991	0.4581300895	-9.507693470734204e-05	0.4593495824	0.0038771780808745174	0.4581300895	0.00020101035670282882	0.4593495824	0.000516333710275315	0.4581300895	0.0003271112010184556	0.4593495824	0.0006844944918475385	0.4581300895	0.00018535581370658803	0.4593495824	0.0019189322354524467	0.4581300895	0.0	0.4593495824	-0.0005486698446702233	0.4581300895	0.0002328371436447042	0.4593495824	0.0017680665766015716	0.4581300895	-0.00017883712220409406	0.4593495824	0.0016754277728161934	0.4581300895	-6.953857061356903e-05	0.4593495824	0.004052236994585052	0.4581300895	0.000298981726723055	0.4593495824	
0.4731707398	-0.0005319108575784023	0.4743902327	0.0023694372305200014	0.4731707398	0.00010481154367619618	0.4743902327	0.000560019103273719	0.4731707398	-0.00034464942288773507	0.4743902327	0.0009963246754491678	0.4731707398	0.0010808121605335294	0.4743902327	0.0004371440365510654	0.4731707398	-9.947104425863423e-05	0.4743902327	0.004265340816825529	0.4731707398	0.00025397651582916513	0.4743902327	0.0029477308401193217	0.4731707398	-0.00016045255751494854	0.4743902327	0.004792813754881105	0.4731707398	0.0007229198137550298	0.4743902327	0.0013760774446701033	0.4731707398	0.0002696949576818635	0.4743902327	-0.000864511994178166	0.4731707398	0.0008988768841397127	0.4743902327	
0.4882113902	-0.00134391875946218	0.4894308831	0.001563683885464879	0.4882113902	0.00046087698499494914	0.4894308831	0.0026434658268356995	0.4882113902	0.0003397429330163724	0.4894308831	0.0038858489393281633	0.4882113902	-0.00010634999511251769	0.4894308831	0.001523751392856114	0.4882113902	0.00030437195701674407	0.4894308831	0.0012982979541369705	0.4882113902	-0.00018599803990044372	0.4894308831	0.005966732453799299	0.4882113902	0.00026584158487938776	0.4894308831	0.0035373773002803717	0.4882113902	0.0001360946740940137	0.4894308831	0.0020226258086011016	0.4882113902	-0.0006193108852080179	0.4894308831	-0.0006128693351749393	0.4882113902	0.00037209987872574763	0.4894308831	
0.5032520406	-1.0930112964101447e-05	0.5044715334	0.00036095303466228943	0.5032520406	0.0001344859741513516	0.5044715334	0.0014361251894434734	0.5032520406	4.793835950185507e-05	0.5044715334	-0.00010978949434858403	0.5032520406	7.390050151622982e-05	0.5044715334	-0.001333360978019068	0.5032520406	0.0	0.5044715334	0.0026934229355009697	0.5032520406	-0.00023537278249015226	0.5044715334	0.005066683325356115	0.5032520406	-6.065852155265047e-05	0.5044715334	0.002707232438655295	0.5032520406	0.00027981252517519196	0.5044715334	0.002519101385549197	0.5032520406	5.865657353685591e-05	0.5044715334	0.00022134590551148615	0.5032520406	-1.4948516292435083e-06	0.5044715334	
0.5182926909	-7.646463906613114e-05	0.5195121838	0.000326026273444523	0.5182926909	0.00025575814642956685	0.5195121838	0.0026919827165001425	0.5182926909	0.00028282054783096314	0.5195121838	0.005038486287170272	0.5182926909	0.0004047463942726891	0.5195121838	-0.0018160807665662747	0.5182926909	0.0	0.5195121838	0.003217947523063013	0.5182926909	0.00031687728793986284	0.5195121838	0.008547130407227288	0.5182926909	0.00047300062200569457	0.5195121838	0.0004743109170487766	0.5182926909	-0.0001507080173719722	0.5195121838	0.001339276881343323	0.5182926909	-0.0002743726645572705	0.5195121838	0.0011801122960463319	0.5182926909	-1.17670208472713e-06	0.5195121838	
0.5333333413	0.0015055792522136373	0.5345528341	0.006056756304454873	0.5333333413	0.0009201194449396506	0.5345528341	0.0015342972595505523	0.5333333413	0.0006475336635028085	0.5345528341	0.0005179500278693396	0.5333333413	4.6270308558426235e-05	0.5345528341	0.0024778434442590414	0.5333333413	0.0004342291610899482	0.5345528341	0.0018164573420719728	0.5333333413	-0.0006550899301664734	0.5345528341	0.0032427756164132644	0.5333333413	1.1910309240307999e-05	0.5345528341	0.004917479478288017	0.5333333413	0.00037183063329218337	0.5345528341	0.0022632538016096474	0.5333333413	0.0003128126826836499	0.5345528341	-0.00021040014473277366	0.5333333413	-0.00017519159373661022	0.5345528341	
0.5483739916	1.9384186277838145e-05	0.5495934845	-0.0020781700634825433	0.5483739916	8.24183142973667e-05	0.5495934845	0.0027085464882029967	0.5483739916	0.0005983125612206389	0.5495934845	0.004417979732171579	0.5483739916	0.0	0.5495934845	0.004894806900403233	0.5483739916	0.0002168654758958793	0.5495934845	0.009605822331052298	0.5483739916	-2.8060896151443843e-05	0.5495934845	0.010829366054298467	0.5483739916	0.0006896045362513607	0.5495934845	0.007620597796944589	0.5483739916	0.00032582663814848483	0.5495934845	0.009188472197427517	0.5483739916	-0.00041331851291587175	0.5495934845	0.006084241839279449	0.5483739916	-0.00015140950758773286	0.5495934845	
0.563414642	0.001531590180054431	0.5646341349	0.005916460880211103	0.563414642	0.00029571272918448385	0.5646341349	0.00404292787062083	0.563414642	-1.8744739607152685e-05	0.5646341349	0.0029901876616689714	0.563414642	-4.8483597140021285e-05	0.5646341349	0.006827622604938799	0.563414642	-0.00021454466806889979	0.5646341349	0.010402047460258478	0.563414642	0.0	0.5646341349	-0.0006578863792720608	0.563414642	0.0005214516766195333	0.5646341349	-0.0024129459662372388	0.563414642	-0.0008659570359752121	0.5646341349	-0.0030298789982379924	0.563414642	0.0002955443917798304	0.5646341349	0.007568690109734618	0.563414642	0.00021697221440062584	0.5646341349	
0.5784552924	0.0	0.5796747852	-0.0018795348877660618	0.5784552924	-0.000302529527208997	0.5796747852	0.0031054678014900703	0.5784552924	0.0003859616008209127	0.5796747852	0.010736926207265799	0.5784552924	-0.000470970007015049	0.5796747852	0.0047984452257406615	0.5784552924	0.0002870144450432141	0.5796747852	0.0004604548392152627	0.5784552924	0.0002231080651310323	0.5796747852	0.003175793061891178	0.5784552924	0.0003312155213880858	0.5796747852	0.005275677788823052	0.5784552924	-0.0002013501344301456	0.5796747852	0.005320553081107291	0.5784552924	0.00010986150755392663	0.5796747852	-0.008045046038986682	0.5784552924	-0.0002517967311834001	0.5796747852	
0.5934959427	0.0	0.5947154356	0.008419778808554	0.5934959427	0.000319603829398758	0.5947154356	0.0006548674995831073	0.5934959427	-0.0002722451167576551	0.5947154356	0.00576390729771827	0.5934959427	0.0006336543772855953	0.5947154356	0.0037724226712188727	0.5934959427	0.00018864514137266128	0.5947154356	0.013859892920489093	0.5934959427	0.0	0.5947154356	0.006141751497149305	0.5934959427	7.951461587414554e-05	0.5947154356	0.003229720471269451	0.5934959427	-0.00040540574792330013	0.5947154356	0.004111312888013787	0.5934959427	0.0005117889333469676	0.5947154356	-0.009267694562740318	0.5934959427	-0.00010135028807929719	0.5947154356	
0.6085365931	0.0	0.6097560859	-0.00528254824971893	0.6085365931	0.0009603396222229027	0.6097560859	0.006941629280962188	0.6085365931	-0.0003153154550233773	0.6097560859	-0.001961338154641166	0.6085365931	-9.201424170425109e-05	0.6097560859	0.003559485525255409	0.6085365931	-0.00037357562510699683	0.6097560859	0.01226175301320557	0.6085365931	-0.00028934121777615115	0.6097560859	0.011619383713323106	0.6085365931	-0.00010206441605279962	0.6097560859	0.0032536638189131803	0.6085365931	-0.0002566042933529333	0.6097560859	0.004508282587079402	0.6085365931	0.0008930382293995474	0.6097560859	-0.04772792623782196	0.6085365931	0.0004459300733163469	0.6097560859	
0.6235772434	-0.00012480232658117454	0.6247967363	0.0005134710397273284	0.6235772434	0.00015776876453428302	0.6247967363	0.0011761285367847083	0.6235772434	0.000268299258593938	0.6247967363	0.007453995794047038	0.6235772434	-0.00031232700443284536	0.6247967363	0.009622743615234085	0.6235772434	6.888445100723574e-05	0.6247967363	0.009902369194964877	0.6235772434	0.0	0.6247967363	0.0013834792948035698	0.6235772434	-0.0006679586047971056	0.6247967363	0.0033080798708431773	0.6235772434	-0.00011022514357590828	0.6247967363	0.0018580730874841827	0.6235772434	0.0005984705512489485	0.6247967363		0.6235772434	-0.00012434976884987905	0.6247967363	
0.6386178938	0.0	0.6398373866	0.007010678830333134	0.6386178938	8.848628545100755e-05	0.6398373866	0.0013925092498284258	0.6386178938	0.00021032700164211782	0.6398373866	-0.001958148266027753	0.6386178938	-0.0003105452129144685	0.6398373866	0.0062861161917674825	0.6386178938	0.0010544809678317993	0.6398373866	0.010086492172440812	0.6386178938	-0.00010860472036234907	0.6398373866	0.008750814163379764	0.6386178938	9.709447851455804e-05	0.6398373866	0.010123936943258785	0.6386178938	-0.00015524866058512425	0.6398373866	0.006677908262035343	0.6386178938	0.0	0.6398373866		0.6386178938	-0.0005869053079856515	0.6398373866	
0.6536585441	1.97029332875668e-05	0.654878037	0.009481845196587358	0.6536585441	0.00045011940323692884	0.654878037	-0.008267387153788164	0.6536585441	0.0001334776453828963	0.654878037	0.0010406183239414714	0.6536585441	0.0013313814949478364	0.654878037	0.019873021422533905	0.6536585441	0.0	0.654878037	0.008600639044929298	0.6536585441	0.0003732874857848088	0.654878037	0.008615667546838904	0.6536585441	-4.9975961848945125e-05	0.654878037	0.002075216392139038	0.6536585441	0.0	0.654878037	0.011736560101265205	0.6536585441	0.00031798139720063876	0.654878037		0.6536585441	-7.054934677863057e-05	0.654878037	
0.6686991945	0.0014473369863598384	0.6699186874	0.0033023725299266725	0.6686991945	-8.478340572347387e-06	0.6699186874	0.013615552939056879	0.6686991945	-2.7725638493475362e-05	0.6699186874	0.007622653929091179	0.6686991945	-0.0003179946950538901	0.6699186874	0.005075454730832859	0.6686991945	0.0004124773789561803	0.6699186874	-0.002081957416331989	0.6686991945	8.040403041916243e-05	0.6699186874	0.015472532739820242	0.6686991945	-0.0001912760665119298	0.6699186874	0.015118840375815009	0.6686991945	7.253581263553033e-05	0.6699186874	1.7057597524226901e-06	0.6686991945	0.0005010430217356679	0.6699186874		0.6686991945	-0.00011540098002468307	0.6699186874	
0.6837398449	0.0	0.6849593377	0.061009723311331324	0.6837398449	-1.952027030880795e-05	0.6849593377	0.014901527548108246	0.6837398449	0.0005097039828398003	0.6849593377	-0.0016510626480979154	0.6837398449	-0.0002808916881207928	0.6849593377	0.014429768901467004	0.6837398449	6.747722720271083e-05	0.6849593377	0.00495904224061827	0.6837398449	0.0	0.6849593377	0.0004239140711945349	0.6837398449	1.938663532503761e-05	0.6849593377	0.010010181028639101	0.6837398449	0.0006417870551164008	0.6849593377	0.00430502124546074	0.6837398449	-0.00028687170154582334	0.6849593377		0.6837398449	7.2989980289592826e-06	0.6849593377	
0.6987804952	0.0	0.6999999881	-0.005242184466469342	0.6987804952	0.00017315841989356498	0.6999999881	0.0067476099862703335	0.6987804952	-0.0001436273631273232	0.6999999881	0.022248895785497984	0.6987804952	0.000357990720647558	0.6999999881	0.012520621842203419	0.6987804952	0.0	0.6999999881	0.007465089164519577	0.6987804952	-0.00024495076740547724	0.6999999881	0.011666632325903342	0.6987804952	0.0	0.6999999881	0.009725782438643965	0.6987804952	-0.0004868383311120023	0.6999999881	0.009803467571517357	0.6987804952	3.0148080589135483e-05	0.6999999881		0.6987804952	1.589804929563618e-05	0.6999999881	
0.7138211456	-0.0006234298921921429			0.7138211456	-0.0002621647433799269			0.7138211456	0.00028289711788959923			0.7138211456	0.00023870244982262422			0.7138211456	0.0004839944891844046			0.7138211456	0.00031248504688791346			0.7138211456	1.6488751321971148e-05			0.7138211456	0.0001448705595057872			0.7138211456	0.0006196870623226139			0.7138211456	0.0		
0.7288617959	6.27901763751172e-07			0.7288617959	0.00051423677874843			0.7288617959	0.00045648140516447587			0.7288617959	-0.00015284433144964433			0.7288617959	-0.00041485928814957875			0.7288617959	0.00019595157585718722			0.7288617959	-0.00034572102118516425			0.7288617959	-0.00020770941208231108			0.7288617959	0.0003156552176802756			0.7288617959	-0.00027654293172104267		
0.7439024463	0.0			0.7439024463	0.00013219266105105764			0.7439024463	-0.0002191119289905966			0.7439024463	0.00030746948314305567			0.7439024463	-0.00028424715743582897			0.7439024463	-7.407843910131375e-05			0.7439024463	-0.00028325834672876104			0.7439024463	0.0007028144449452951			0.7439024463	0.0			0.7439024463	-0.00022901020614713574		
0.7589430967	0.0			0.7589430967	-0.00024114121260699128			0.7589430967	-0.000390442808626128			0.7589430967	0.0006247843562866091			0.7589430967	0.0			0.7589430967	0.00044041315302580065			0.7589430967	0.0005327846004972392			0.7589430967	-0.00019374197486390023			0.7589430967	0.0			0.7589430967	0.0006442107903200095		
0.773983747	0.0			0.773983747	7.060364619544514e-05			0.773983747	0.00015972567886483822			0.773983747	-0.00015285667598563855			0.773983747	-0.0001848278416311598			0.773983747	0.0			0.773983747	0.0			0.773983747	0.0004668000940800452			0.773983747	-0.00010856795996592398			0.773983747	-0.00017899662252175282		
0.7890243974	0.0			0.7890243974	-0.000157868316481811			0.7890243974	5.533852900659745e-05			0.7890243974	-0.0003887714987043561			0.7890243974	-0.00016345128886243105			0.7890243974	0.00013017072706905308			0.7890243974	0.0008711474567925716			0.7890243974	0.001524179259818045			0.7890243974	0.0002766450109315375			0.7890243974	0.00026523102646451764		
0.8040650477	0.0			0.8040650477	2.3001499971552974e-05			0.8040650477	-2.987786430769558e-05			0.8040650477	-0.0005363431685079449			0.8040650477	-0.0003786428136586632			0.8040650477	0.0005769940144090274			0.8040650477	-3.563412095225152e-05			0.8040650477	0.00033653381879631485			0.8040650477	-4.887589052061078e-05			0.8040650477	0.0		
0.8191056981	0.0			0.8191056981	0.00036110129407680475			0.8191056981	-0.0005137329445498455			0.8191056981	-0.00031029949068879265			0.8191056981	-7.955150942478972e-05			0.8191056981	0.0002083654308644442			0.8191056981	-0.00012832550347591167			0.8191056981	0.00033457683515492693			0.8191056981	-0.0001521413032947164			0.8191056981	0.0003854465173588059		
0.8341463484	0.0			0.8341463484	0.0005279805901261496			0.8341463484	-0.0001164768828331082			0.8341463484	0.00022477779748898447			0.8341463484	0.00038611267318505184			0.8341463484	0.0005200071233016587			0.8341463484	0.00043187912721579517			0.8341463484	-9.211619053058221e-05			0.8341463484	0.0011050108792384048			0.8341463484	4.423589608963512e-05		
0.8491869988	0.0			0.8491869988	-0.0006069088201799514			0.8491869988	0.00033289157491846026			0.8491869988	-0.0009395742338395244			0.8491869988	-8.199678952466496e-05			0.8491869988	-8.29428943630061e-05			0.8491869988	-0.00024245371450973114			0.8491869988	0.00045255004703899474			0.8491869988	-9.131137373327718e-05			0.8491869988	-0.0003017750883089956		
0.8642276492	0.0			0.8642276492	0.0			0.8642276492	-0.0006600155412945518			0.8642276492	0.0003311795246334255			0.8642276492	-0.0011685192842678781			0.8642276492	0.0003995375138524877			0.8642276492	-0.00026714513572258805			0.8642276492	0.0006217679685146005			0.8642276492	0.0004245350160409613			0.8642276492	0.00010809199670268942		
0.8792682995	0.0			0.8792682995	0.0003939813931769816			0.8792682995	2.3847265422217215e-05			0.8792682995	-0.00035813354425498554			0.8792682995	-0.00019824498731625312			0.8792682995	0.00029673118182192525			0.8792682995	0.0			0.8792682995	0.0			0.8792682995	-0.00011236169997731139			0.8792682995	0.0		
0.8943089499	0.0			0.8943089499	0.0			0.8943089499	-8.435332895665747e-05			0.8943089499	-0.0003724874503736387			0.8943089499	-7.951816150731213e-05			0.8943089499	-0.0006632631016581987			0.8943089499	0.0005118623314499564			0.8943089499	0.0002034074039741734			0.8943089499	-0.0004101236997395047			0.8943089499	-0.0008207731544192637		
0.9093496002	0.0			0.9093496002	-0.00011327369808625334			0.9093496002	0.000403534370411571			0.9093496002	0.0001192461162593577			0.9093496002	-0.0005931607668151308			0.9093496002	0.0			0.9093496002	4.4533565600199955e-06			0.9093496002	-0.00027873278141803104			0.9093496002	-0.0002885859698372926			0.9093496002	0.0		
0.9243902506	-4.482354797335978e-05			0.9243902506	-0.0007827281345293468			0.9243902506	-6.000316350795367e-05			0.9243902506	0.00038940380975394914			0.9243902506	-0.0008159883646359973			0.9243902506	0.0			0.9243902506	0.0			0.9243902506	-0.0003397228701871958			0.9243902506	6.891658966494513e-05			0.9243902506	0.0006418349307530084		
0.9394309009	-0.0004355322508477931			0.9394309009	-0.000754344898623002			0.9394309009	0.0			0.9394309009	0.00012506740396425826			0.9394309009	0.0			0.9394309009	0.0			0.9394309009	0.0			0.9394309009	0.0009259945303408803			0.9394309009	0.00013830815737805283			0.9394309009	0.0006616566442647554		
0.9544715513	0.0			0.9544715513	-0.0005115690947676306			0.9544715513	-0.00019353623091273664			0.9544715513	-0.0004556368274220247			0.9544715513	0.0			0.9544715513	-0.00024654460098559063			0.9544715513	-0.00020555875459537696			0.9544715513	-0.0005425818267384403			0.9544715513	0.0			0.9544715513	0.0003129823021343862		
0.9695122017	0.0			0.9695122017	0.0002255258819884374			0.9695122017	-0.00025569718090335234			0.9695122017	0.00031367405138872504			0.9695122017	-0.0004576848016434733			0.9695122017	0.00169234064286884			0.9695122017	0.00016841103156820002			0.9695122017	-0.00035392130602796186			0.9695122017	-0.0003159478398164031			0.9695122017	9.803315029313696e-05		
0.984552852	0.0			0.984552852	0.0			0.984552852	0.00010091922139866234			0.984552852	-6.212278246146524e-05			0.984552852	0.0			0.984552852	0.0			0.984552852	0.000682752009776424			0.984552852	-0.0006052930153523393			0.984552852	-0.0002884812509557618			0.984552852	-0.0004397140939914085		
0.9995935024	0.0			0.9995935024	0.0			0.9995935024	0.0006903248912368193			0.9995935024	0.0006966423861285167			0.9995935024	0.0			0.9995935024	0.0			0.9995935024	-7.836138249369796e-05			0.9995935024	0.00021283185059322286			0.9995935024	-0.00018212037236842873			0.9995935024	0.00023946947666254485		
1.014634153	0.0			1.014634153	0.0			1.014634153	0.00016085164316901685			1.014634153	-0.00015153931942410721			1.014634153	-0.00034801685035499544			1.014634153	0.0			1.014634153	0.0			1.014634153	-2.6584271546123134e-05			1.014634153	0.0007597629602562395			1.014634153	0.0		
1.029674803	0.0			1.029674803	-0.00017884292074059295			1.029674803	0.0008015795309407605			1.029674803	0.00038716368613065825			1.029674803	0.0004633583286357369			1.029674803	0.0			1.029674803	0.0			1.029674803	0.0			1.029674803	0.00023268079851878305			1.029674803	0.000234800119168229		
1.044715453	0.0			1.044715453	-0.00036916720861611966			1.044715453	0.00017718254356215846			1.044715453	1.1033156549175542e-05			1.044715453	5.185533967037056e-07			1.044715453	0.000910998218219306			1.044715453	0.0			1.044715453	0.0005689655645215179			1.044715453	-0.0007149756110359235			1.044715453	-0.0005698229416728198		
1.059756104	0.0			1.059756104	-0.0001781136549037004			1.059756104	-9.229386733766774e-05			1.059756104	0.0			1.059756104	0.0			1.059756104	-0.0006024809553719922			1.059756104	-5.4758654509998736e-05			1.059756104	0.0			1.059756104	-9.521098429797645e-06			1.059756104	0.0005268542180539316		
1.074796754	0.0			1.074796754	-0.0005147980406981343			1.074796754	-0.00014309948168028978			1.074796754	-0.0002714733809518909			1.074796754	0.0008589670640498783			1.074796754	0.0006332295864902434			1.074796754	-0.0002322171498556166			1.074796754	0.0			1.074796754	-0.00031836019816395704			1.074796754	-0.0002997286594866859		
1.089837405	0.0			1.089837405	-0.00039507666160922927			1.089837405	0.0002701354025860183			1.089837405	-0.0002169415281032598			1.089837405	9.231335463853124e-05			1.089837405	0.00010159940846441161			1.089837405	0.0004755726586856405			1.089837405	-0.00031896307476152755			1.089837405	-0.0006301459584323143			1.089837405	-9.735429401510857e-05		
1.104878055	0.0			1.104878055	0.00014521660083542757			1.104878055	-0.00017313587620849531			1.104878055	0.0			1.104878055	0.0			1.104878055	-0.0005846538430413785			1.104878055	0.0			1.104878055	0.000559143159712868			1.104878055	0.0			1.104878055	0.00018499821990983263		
1.119918705	0.0			1.119918705	5.771922608044637e-05			1.119918705	-2.01596414576926e-05			1.119918705	0.0003159129840550439			1.119918705	0.0			1.119918705	-0.00020389854352204564			1.119918705	-1.6049420418122125e-05			1.119918705	-0.0005925231369622265			1.119918705	0.0			1.119918705	0.00045200969719781664		
1.134959356				1.134959356	0.0			1.134959356	8.908523948913752e-07			1.134959356	0.0005751874452253888			1.134959356	-0.00018426847200053758			1.134959356	-0.0003120002027024659			1.134959356	0.0002632927793236943			1.134959356	0.0005039877576992697			1.134959356	0.00038933678052751686			1.134959356	0.0		
1.150000006				1.150000006	0.0007069863283192911			1.150000006	2.756782971652562e-05			1.150000006	0.00032299859676418783			1.150000006	0.0005918460909743316			1.150000006	0.0			1.150000006	0.0			1.150000006	0.001183119862943786			1.150000006	0.0			1.150000006	0.0		
1.165040656				1.165040656	0.0			1.165040656	-3.2495899637472983e-05			1.165040656	0.0005747177900302318			1.165040656	-0.0008595581053335066			1.165040656	-3.072157638373745e-06			1.165040656	-6.0961618763447e-05			1.165040656	-0.00028773792267009553			1.165040656	0.00037680087954875354			1.165040656	0.0011545085450505204		
1.180081307				1.180081307	-0.0003900006102529719			1.180081307	-0.00017207953510648877			1.180081307	0.0005316556716032624			1.180081307	0.0			1.180081307	-0.00018230075664582625			1.180081307	-0.00033430908908823286			1.180081307	0.0003551726674491419			1.180081307	0.0			1.180081307	0.00042721206400893124		
1.195121957				1.195121957	-0.0007544269975995066			1.195121957	0.0003461256401506019			1.195121957	0.0005411340295574388			1.195121957	0.0004815438475670564			1.195121957	-0.0008415645788586416			1.195121957	0.0			1.195121957	0.0001363339443342245			1.195121957	0.0			1.195121957	-0.0003239430757563183		
1.210162607				1.210162607	0.0			1.210162607	0.0			1.210162607	-0.0001433327265338433			1.210162607	3.707722671256272e-05			1.210162607	0.0			1.210162607	-0.00034976534317434597			1.210162607	0.0			1.210162607	0.0			1.210162607	0.0		
1.225203258				1.225203258	0.0			1.225203258	0.0004469185426966303			1.225203258	0.0002718323368519252			1.225203258	-4.5378506019784124e-05			1.225203258	0.0007724819564882401			1.225203258	-0.00026864609083587673			1.225203258	-0.00015854028644392978			1.225203258	0.0003041652221135075			1.225203258	0.0		
1.240243908				1.240243908	0.0			1.240243908	0.0002585288003147756			1.240243908	0.0			1.240243908	0.0001896034364252455			1.240243908	0.0024169334118264094			1.240243908	0.000783497279463215			1.240243908	0.0005518423534511685			1.240243908	0.0005219373382718627			1.240243908	0.0		
1.255284558				1.255284558	0.0			1.255284558	-0.00012110240815379718			1.255284558	-0.0002445400826439767			1.255284558	-0.0005582297984943795			1.255284558	3.951992441853382e-06			1.255284558	-0.00042587612840197894			1.255284558	3.524978413754926e-06			1.255284558	0.0006364817168654336			1.255284558	0.0		
1.270325209				1.270325209	0.0007473395147633803			1.270325209	0.0006129531674790717			1.270325209	-0.00024870828967776224			1.270325209	-0.00032495792941517493			1.270325209	-0.0008857400667957124			1.270325209	1.6310584633930942e-05			1.270325209	0.0004808468351908435			1.270325209	0.001261023381466638			1.270325209	0.0005044729059151571		
1.285365859				1.285365859	0.00137948797648459			1.285365859	0.0008765331407551646			1.285365859	0.0005756177505127752			1.285365859	0.0005921932665584746			1.285365859	0.0			1.285365859	0.0			1.285365859	-0.00031240626787511005			1.285365859	0.00041672326626549135			1.285365859	0.0008199929904131908		
1.30040651				1.30040651	-0.0002506732163251562			1.30040651	0.00012458684754621202			1.30040651	-5.45773157011787e-05			1.30040651	0.00015518963356362858			1.30040651	0.00021466561566229285			1.30040651	0.0			1.30040651	0.0010147594142983641			1.30040651	0.00045747259245630537			1.30040651	0.0001661842786024183		
1.31544716				1.31544716	-0.0007481191862594753			1.31544716	-2.2627999888013646e-05			1.31544716	-0.0001576651304719943			1.31544716	0.0004624605089174842			1.31544716	0.00016080748811692522			1.31544716	0.000572505910538699			1.31544716	0.0			1.31544716	0.0005515487048450921			1.31544716	-8.671475606774759e-06		
1.33048781				1.33048781	0.0			1.33048781	0.0			1.33048781	0.0			1.33048781	-0.00018277605628804614			1.33048781	0.0			1.33048781	0.0009813266226996638			1.33048781	0.0008180187359522632			1.33048781	0.00012078090953662658			1.33048781	-0.0003367880429492143		
1.345528461				1.345528461	0.0			1.345528461	0.00018530145660921267			1.345528461	0.0005465080417643815			1.345528461	-0.00021445543492316276			1.345528461	0.0005336513610138698			1.345528461	0.0			1.345528461	0.0			1.345528461	0.0			1.345528461	0.0		
1.360569111				1.360569111	0.0			1.360569111	-0.0006148183283911363			1.360569111	-0.0002898284170060199			1.360569111	0.0			1.360569111	-0.00037389044153299407			1.360569111	-0.0011059322623088658			1.360569111	-0.00037705246907153325			1.360569111	0.0002158735863575784			1.360569111	0.000502289318612036		
1.375609761				1.375609761	0.0			1.375609761	-0.0001994339519647269			1.375609761	-6.946197171770507e-05			1.375609761	0.0			1.375609761	-0.00039708341830502767			1.375609761	0.001398407398426048			1.375609761	0.00030683262328122827			1.375609761	2.8380287803783368e-05			1.375609761	3.359290984265987e-05		
1.390650412				1.390650412	0.0			1.390650412	0.0			1.390650412	-0.00010374868845827202			1.390650412	0.00025748172852822125			1.390650412	0.0005004037376172901			1.390650412	-0.0004838256660976367			1.390650412	0.00038829643310308936			1.390650412	0.0005941092770530818			1.390650412	0.0008738708092539742		
1.405691062				1.405691062	0.0			1.405691062	0.0			1.405691062	8.372395779372711e-05			1.405691062	-0.00045269867666462594			1.405691062	-0.00013146238253367812			1.405691062	-0.00045191164235420774			1.405691062	0.0002035309226890646			1.405691062	0.00017410763985343847			1.405691062	0.00027088019862700073		
1.420731712				1.420731712	0.0			1.420731712	0.0005082588094944806			1.420731712	0.0			1.420731712	0.0			1.420731712	0.00040010170257698073			1.420731712	0.0			1.420731712	0.0			1.420731712	-0.00033401710524641833			1.420731712	0.0005573664282266984		
1.435772363				1.435772363	0.0			1.435772363	0.0			1.435772363	0.0003870385917242343			1.435772363	0.00043283871665746043			1.435772363	0.00010628094417704376			1.435772363	0.0			1.435772363	0.0			1.435772363	0.0006683631975820939			1.435772363	-0.0010326417591907668		
1.450813013				1.450813013	0.0			1.450813013	0.0			1.450813013	-0.000497034557320523			1.450813013	-0.00024100623526716303			1.450813013	0.0			1.450813013	-0.00035062281309764973			1.450813013	0.0			1.450813013	-0.00033934312320400096			1.450813013	0.0		
1.465853663				1.465853663	0.0			1.465853663	0.00013264603767641937			1.465853663	-0.00014408482483617714			1.465853663	8.811769170207182e-05			1.465853663	0.0			1.465853663	0.0005391547179934811			1.465853663	0.0005192016423858127			1.465853663	-0.0004818495962532445			1.465853663	-4.5047905316566726e-05		
1.480894314				1.480894314	0.0			1.480894314	-0.00011859103370374493			1.480894314	0.00023876239445617354			1.480894314	0.0008286482278284039			1.480894314	0.0			1.480894314	0.0			1.480894314	3.338509771176444e-05			1.480894314	2.2724932426801187e-05			1.480894314	4.937266842966909e-05		
1.495934964				1.495934964	0.0			1.495934964	0.0			1.495934964	-0.0001593232992236208			1.495934964	-2.2206928559427934e-05			1.495934964	-0.00028383835943633905			1.495934964	0.0			1.495934964	0.0005464549214321727			1.495934964	0.0011673254598481614			1.495934964	0.000855045196583235		
1.510975615				1.510975615	0.0			1.510975615	2.142682723578843e-05			1.510975615	5.840100405768004e-05			1.510975615	-0.0007320649218543388			1.510975615	0.0			1.510975615	0.0			1.510975615	0.0007395763366384336			1.510975615	0.0009973006343270967			1.510975615	0.0003175733936481645		
1.526016265				1.526016265	0.0			1.526016265	0.0			1.526016265	0.0			1.526016265	-0.0005862296054142647			1.526016265	0.00046115821851523345			1.526016265	0.0			1.526016265	-0.00033600341658519036			1.526016265	0.0			1.526016265	-0.0003110621698814053		
1.541056915				1.541056915	0.0			1.541056915	0.0			1.541056915	-0.00010961696892585882			1.541056915	-6.917242082210299e-05			1.541056915	0.00048195364093596795			1.541056915	0.0			1.541056915	-0.00040944538167657943			1.541056915	0.00048616685704817956			1.541056915	0.0		
1.556097566				1.556097566	0.0			1.556097566	-0.0006317349624192706			1.556097566	-0.0006117195501771827			1.556097566	-6.525538543798552e-05			1.556097566	0.0			1.556097566	0.0002826155094635574			1.556097566	0.0006742316475280052			1.556097566	-0.0008284405920456191			1.556097566	0.0006469774557208717		
1.571138216				1.571138216	0.0			1.571138216	-0.0015030008559903897			1.571138216	1.884025548170145e-05			1.571138216	0.0001934422053325804			1.571138216	0.0			1.571138216	0.0			1.571138216	0.0005742219116931321			1.571138216	0.0			1.571138216	0.0009906234195566621		
1.586178866				1.586178866	0.0			1.586178866	0.0			1.586178866	-0.0001782672705117663			1.586178866	9.609328969047017e-05			1.586178866	-0.0015348327827421717			1.586178866	0.0016425468850508331			1.586178866	-9.521454016954346e-06			1.586178866	0.0004931180699843978			1.586178866	0.0006981006026008169		
1.601219517				1.601219517	0.0			1.601219517	0.0			1.601219517	0.0002697404017369883			1.601219517	-0.00031575983763736245			1.601219517	-0.0008432571422458794			1.601219517	-0.0004235466539074451			1.601219517	-0.0008902913610869484			1.601219517	-0.00010653264098360299			1.601219517	0.0		
1.616260167				1.616260167	0.0			1.616260167	0.0			1.616260167	0.00013163483791767065			1.616260167	0.00015386780222881403			1.616260167	0.0007259552594754033			1.616260167	0.0005883795854818786			1.616260167	-0.00037378837296779977			1.616260167	-0.0006433994285994132			1.616260167	9.979090305274508e-05		
1.631300817				1.631300817	0.0			1.631300817	0.0			1.631300817	-0.0008027332566966167			1.631300817	0.0			1.631300817	-0.0006482441735614964			1.631300817	-0.0007644377289762309			1.631300817	0.00026363031901220445			1.631300817	0.0			1.631300817	0.000540448261919037		
1.646341468				1.646341468				1.646341468	0.001361552638104813			1.646341468	0.0001308686685044986			1.646341468	0.0			1.646341468	0.00035162868190348717			1.646341468	0.0			1.646341468	-0.0011335638322831757			1.646341468	-0.00015397743945637815			1.646341468	-0.0002940168675162154		
1.661382118				1.661382118				1.661382118	-0.0024823021263581145			1.661382118	-3.336974615202052e-05			1.661382118	-2.4336175344236193e-05			1.661382118	0.0005459782562317016			1.661382118	-0.0005427035636107972			1.661382118	-0.0008285352839948116			1.661382118	0.0			1.661382118	-0.000461380481652839		
1.676422768				1.676422768				1.676422768	-0.00042778002563525135			1.676422768	0.00012204907875918411			1.676422768	-7.715372408959049e-05			1.676422768	0.0004128249406338542			1.676422768	-0.00045659165053944393			1.676422768	0.0001741611409588831			1.676422768	0.0003722187261088014			1.676422768	0.000286399832800913		
1.691463419				1.691463419				1.691463419	0.0			1.691463419	0.00019623563273853107			1.691463419	0.00018868739043401836			1.691463419	0.0012139756690234139			1.691463419	0.0			1.691463419	0.0003323470125647481			1.691463419	0.0008345849339717851			1.691463419	-0.00020524100108293924		
1.706504069				1.706504069				1.706504069	0.001201389375552277			1.706504069	-3.5472084513990024e-06			1.706504069	0.00018524678476653113			1.706504069	0.0002431954694709807			1.706504069	-0.0003929714712944424			1.706504069	-0.0008458752334777989			1.706504069	0.0			1.706504069	-0.00017514430140495104		
1.72154472				1.72154472				1.72154472	0.0			1.72154472	0.0010966251120398506			1.72154472	0.000141021711927504			1.72154472	0.0008151334008762394			1.72154472	0.0001194422825375373			1.72154472	-0.0003860497724524983			1.72154472	-0.00047760113110134774			1.72154472	-0.00028623252315777294		
1.73658537				1.73658537				1.73658537	-0.00028782220191097294			1.73658537	-0.00026119360948533997			1.73658537	-0.0001762666265362452			1.73658537	0.0			1.73658537	0.003966915610744926			1.73658537	-0.00044633355344235784			1.73658537	0.0			1.73658537	0.00027865635114231435		
1.75162602				1.75162602				1.75162602	-0.0011903849994357848			1.75162602	-0.00030097577454103557			1.75162602	0.0003024282604582797			1.75162602	-0.0011048454778872603			1.75162602	0.0017437200338087334			1.75162602	0.0			1.75162602	2.8401352626372446e-05			1.75162602	0.00043572553451740606		
1.766666671				1.766666671				1.766666671	0.0			1.766666671	-0.0002667693026105294			1.766666671	2.9334033866924392e-05			1.766666671	-0.00026571354665437844			1.766666671	0.0			1.766666671	0.0			1.766666671	-0.0003200356595258236			1.766666671	-0.0007820266859944764		
1.781707321				1.781707321				1.781707321	0.0			1.781707321	0.0010123460081372358			1.781707321	0.0004488296122119565			1.781707321	-0.0001748087694210601			1.781707321	0.0			1.781707321	0.0001588884265819428			1.781707321	0.00023972569668894448			1.781707321	-0.0009571901144194064		
1.796747971				1.796747971				1.796747971	0.0021590075655935474			1.796747971	0.0			1.796747971	0.0			1.796747971	-0.0002749773231460568			1.796747971	0.0005509800202577393			1.796747971	-0.00031084974467368543			1.796747971	0.0010367025889156337			1.796747971	-0.0012087119741521753		
1.811788622				1.811788622				1.811788622	0.0			1.811788622	0.00031775174189147524			1.811788622	-0.00022126678218978199			1.811788622	0.0			1.811788622	2.499804723940652e-05			1.811788622	0.0			1.811788622	0.0007615491968701289			1.811788622	0.0		
1.826829272				1.826829272				1.826829272	0.0			1.826829272	0.0010454077673332904			1.826829272	-0.00017196411111877402			1.826829272	-0.00014037463626349303			1.826829272	0.0			1.826829272	0.0005045000867746392			1.826829272	0.0017652646397174998			1.826829272	-0.0003553522657740266		
1.841869922				1.841869922				1.841869922	0.0			1.841869922	0.0			1.841869922	-1.5819809627708055e-05			1.841869922	0.0			1.841869922	0.0004640100635651674			1.841869922	-0.00021264828091186304			1.841869922	0.0			1.841869922	0.0		
1.856910573				1.856910573				1.856910573	0.0			1.856910573	7.231423882956306e-05			1.856910573	0.00040942048700822034			1.856910573	-4.6845059799489866e-05			1.856910573	-4.37529236128105e-05			1.856910573	0.0			1.856910573	0.0007364756877946874			1.856910573	0.00012734795946148995		
1.871951223				1.871951223				1.871951223	0.0			1.871951223	0.0			1.871951223	-0.00019140953112878478			1.871951223	-0.00015688686090793355			1.871951223	-0.0006944240220738044			1.871951223	0.0007182919984465248			1.871951223	0.0			1.871951223	0.0004488284631755296		
1.886991874				1.886991874				1.886991874	0.0			1.886991874	0.0011332024972060125			1.886991874	7.34657533926406e-05			1.886991874	0.0008096373084729466			1.886991874	0.0016871111078885228			1.886991874	-0.0005794696987006024			1.886991874	-8.883882571831003e-05			1.886991874	0.0		
1.902032524				1.902032524				1.902032524	0.0			1.902032524	0.0004902110455385037			1.902032524	0.0			1.902032524	0.0003490090469556205			1.902032524	3.6644055872037455e-05			1.902032524	-0.0007893008848188965			1.902032524	-0.00017020621321733287			1.902032524	0.0006774196027281754		
1.917073174				1.917073174				1.917073174	0.0			1.917073174	0.0001245505190937872			1.917073174	0.0002069118169362757			1.917073174	0.00047048876525541			1.917073174	0.0006411112743406383			1.917073174	0.0			1.917073174	0.0			1.917073174	-0.0008158189308245373		
1.932113825				1.932113825				1.932113825	0.0			1.932113825	0.0			1.932113825	0.0004313651311265326			1.932113825	0.0003512168951667616			1.932113825	0.0			1.932113825	0.0			1.932113825	0.0			1.932113825	-0.00025660698241133353		
1.947154475				1.947154475				1.947154475	0.0			1.947154475	-8.428603448288923e-05			1.947154475	0.0005185852564547593			1.947154475	-0.0003733247596093008			1.947154475	0.0009559613810418798			1.947154475	-0.0006052788686320882			1.947154475	0.0			1.947154475	0.0		
1.962195125				1.962195125				1.962195125	0.0			1.962195125	-8.524109111178551e-05			1.962195125	-0.00032189307064676997			1.962195125	-5.804794860010163e-05			1.962195125	-0.00029512839665347544			1.962195125	0.0001355878829526611			1.962195125	0.0010489378375940185			1.962195125	0.000726846569210446		
1.977235776				1.977235776				1.977235776	0.0			1.977235776	-0.0008164754554548734			1.977235776	0.00013566072427365427			1.977235776	0.0005095272857300525			1.977235776	-0.001269277113095917			1.977235776	0.0007081794652723574			1.977235776	0.0			1.977235776	0.0005004087529137314		
1.992276426				1.992276426				1.992276426	0.0			1.992276426	-0.00035102921518938686			1.992276426	4.383006659357464e-05			1.992276426	-0.0005448189264754365			1.992276426	-7.043648122734538e-05			1.992276426	0.00032669850864950895			1.992276426	-0.0003972142672376167			1.992276426	4.4637698754418774e-05		
2.007317076				2.007317076				2.007317076	0.0			2.007317076	-0.0003110822001202807			2.007317076	0.0			2.007317076	0.0004979978604669646			2.007317076	0.0008178051315351296			2.007317076	0.0			2.007317076	0.0			2.007317076	-0.0008400725884008513		
2.022357727				2.022357727				2.022357727	0.0			2.022357727	0.0004709526120016196			2.022357727	-7.862215198088723e-05			2.022357727	-0.00033171802834463165			2.022357727	0.0007393077996932778			2.022357727	0.0			2.022357727	-0.0006075585925473098			2.022357727	2.510409201980623e-05		
2.037398377				2.037398377				2.037398377	0.0			2.037398377	0.0			2.037398377	0.0002577900242419342			2.037398377	-0.0005336550030052067			2.037398377	0.0004663973490698431			2.037398377	0.0			2.037398377	0.0			2.037398377	0.0007589834923723099		
2.052439027				2.052439027				2.052439027	0.0			2.052439027	0.0			2.052439027	0.0004088748852768352			2.052439027	0.0007701977904144896			2.052439027	0.000640180889283336			2.052439027	0.0			2.052439027	0.0			2.052439027	0.0008128456347152884		
2.067479678				2.067479678				2.067479678	0.0			2.067479678	0.0			2.067479678	0.0			2.067479678	0.00039633445938536235			2.067479678	0.00035672200395578304			2.067479678	-0.0005589206457475322			2.067479678	-0.00035272069956706687			2.067479678	-0.00046259193329400175		
2.082520328				2.082520328				2.082520328	-0.006117580305057351			2.082520328	-0.0016978859552264681			2.082520328	-0.0005883872054034341			2.082520328	0.0007368107531183694			2.082520328	0.0			2.082520328	0.0			2.082520328	0.0006381240726556413			2.082520328	-0.0007395533740765147		
2.097560979				2.097560979				2.097560979	0.0			2.097560979	0.0			2.097560979	-0.00026308941593205083			2.097560979	-0.0007649060783123396			2.097560979	-3.295027601691014e-05			2.097560979	-0.00033904955863953406			2.097560979	-0.0003974568376669719			2.097560979	0.0006117176814971168		
2.112601629				2.112601629				2.112601629	0.0			2.112601629	0.0005778137288222299			2.112601629	-0.0001492546445220845			2.112601629	-0.0006651656568675896			2.112601629	0.0			2.112601629	0.0			2.112601629	0.0			2.112601629	0.0005912168212801144		
2.127642279				2.127642279				2.127642279	0.0			2.127642279	-0.0005635064589008729			2.127642279	-0.0005853751674237338			2.127642279	7.456045896802666e-05			2.127642279	0.0006531601511599152			2.127642279	0.00015236688270136962			2.127642279	0.0003791593713781409			2.127642279	0.0		
2.14268293				2.14268293				2.14268293	0.0			2.14268293	0.0			2.14268293	-0.0003067247217556522			2.14268293	-7.499536022865532e-05			2.14268293	0.0			2.14268293	0.0			2.14268293	0.0			2.14268293	0.000773047160273235		
2.15772358				2.15772358				2.15772358	0.0			2.15772358	0.0			2.15772358	0.0			2.15772358	0.0			2.15772358	0.0010955520783260987			2.15772358	0.0			2.15772358	0.001082918099756564			2.15772358	0.0		
2.17276423				2.17276423				2.17276423				2.17276423	0.0			2.17276423	-0.00015207847533267054			2.17276423	-0.00012505727921265485			2.17276423	0.0006800838544450419			2.17276423	0.0			2.17276423	-0.000312063632353891			2.17276423	-0.00011427347828812656		
2.187804881				2.187804881				2.187804881				2.187804881	0.00024426852282122865			2.187804881	-0.0010445890307258798			2.187804881	0.00046300705225574236			2.187804881	0.0			2.187804881	-0.0005189847314115581			2.187804881	0.0			2.187804881	0.0007553754145376097		
2.202845531				2.202845531				2.202845531				2.202845531	-0.00023924024231235095			2.202845531	-0.0008858101756738803			2.202845531	-0.000211988586394292			2.202845531	0.0013737621272206246			2.202845531	0.0006441460227509566			2.202845531	0.0			2.202845531	0.0		
2.217886181				2.217886181				2.217886181				2.217886181	0.0			2.217886181	0.0			2.217886181	0.0			2.217886181	0.0			2.217886181	-0.0004978686765641101			2.217886181	0.0			2.217886181	-0.0005677651437304571		
2.232926832				2.232926832				2.232926832				2.232926832	0.0			2.232926832	-0.00046301859941196385			2.232926832	-3.057549785629699e-05			2.232926832	-0.0004017015125813175			2.232926832	0.0006480228221648529			2.232926832	0.0			2.232926832	0.0		
2.247967482				2.247967482				2.247967482				2.247967482	0.0			2.247967482	0.0			2.247967482	0.0			2.247967482	0.0			2.247967482	0.0			2.247967482	0.0			2.247967482	0.0		
2.263008132				2.263008132				2.263008132				2.263008132	0.0			2.263008132	0.0			2.263008132	0.0			2.263008132	0.0			2.263008132	0.00012583677632886197			2.263008132	0.00040992064277304907			2.263008132	0.0011689498970398537		
2.278048783				2.278048783				2.278048783				2.278048783	0.0029390917401539195			2.278048783	-2.3073048191875353e-05			2.278048783	0.00013416526646702892			2.278048783	-0.0005048670856154201			2.278048783	-0.00036327743302286194			2.278048783	0.0			2.278048783	0.0		
2.293089433				2.293089433				2.293089433				2.293089433	-0.0011609380621811181			2.293089433	-0.0003447777902476606			2.293089433	0.00021380114962315792			2.293089433	-0.00027114271893167535			2.293089433	0.00031133837263173735			2.293089433	0.0			2.293089433	0.0		
2.308130084				2.308130084				2.308130084				2.308130084	-0.00020683898335644132			2.308130084	6.918108940804911e-05			2.308130084	0.000827201269288979			2.308130084	0.0001822187213874058			2.308130084	0.0			2.308130084	0.0			2.308130084	2.2651606543440696e-06		
2.323170734				2.323170734				2.323170734				2.323170734	0.0			2.323170734	0.0			2.323170734	-0.0008200101790899557			2.323170734	0.0006432111392859369			2.323170734	0.0			2.323170734	-0.0003668917534142245			2.323170734	-0.0002078163582111406		
2.338211384				2.338211384				2.338211384				2.338211384	0.0			2.338211384	0.0004605251394175618			2.338211384	-0.00029088906903690056			2.338211384	0.00045895085288048137			2.338211384	0.0			2.338211384	-9.926471294672549e-05			2.338211384	-0.00020113293791274012		
2.353252035				2.353252035				2.353252035				2.353252035	0.0			2.353252035	0.00027761015765850346			2.353252035	-0.0003859482636943282			2.353252035	-7.890981652527006e-05			2.353252035	-0.0024803210794358834			2.353252035	-0.0006650891414696915			2.353252035	2.1868069433913607e-05		
2.368292685				2.368292685				2.368292685				2.368292685	0.0007787470594708774			2.368292685	0.00034696164252891344			2.368292685	-9.475536283213662e-05			2.368292685	0.0			2.368292685	-0.00016014675810228283			2.368292685	0.00018338530887526734			2.368292685	-0.00014029028685885083		
2.383333335				2.383333335				2.383333335				2.383333335	0.0			2.383333335	0.0			2.383333335	0.00013664517660078263			2.383333335	-2.855319855470367e-05			2.383333335	-0.0008354693547168759			2.383333335	-0.0001625077510401378			2.383333335	0.0002602746349994427		
2.398373986				2.398373986				2.398373986				2.398373986	0.0			2.398373986	7.241866811543894e-06			2.398373986	-0.0002227725962000686			2.398373986	-0.0006054638563661113			2.398373986	-0.0004702879818438815			2.398373986	0.00018341457801958593			2.398373986	-0.00039902379766016283		
2.413414636				2.413414636				2.413414636				2.413414636	0.008528497629719987			2.413414636	-0.00015103915443509433			2.413414636	0.0			2.413414636	0.000211917852546866			2.413414636	0.0			2.413414636	-0.0008264198081554159			2.413414636	0.0016117450890776402		
2.428455286				2.428455286				2.428455286				2.428455286	0.0			2.428455286	0.0			2.428455286	-0.0002671542944551574			2.428455286	-0.0004697123877359739			2.428455286	-0.00015790277874970702			2.428455286	-0.0002666192201595893			2.428455286	0.0003604156026672309		
2.443495937				2.443495937				2.443495937				2.443495937	0.0			2.443495937	0.0			2.443495937	-0.0005981076310038724			2.443495937	-0.0013021239959686488			2.443495937	0.0009766252952896314			2.443495937	-0.00017879314144496192			2.443495937	-4.820592936287596e-05		
2.458536587				2.458536587				2.458536587				2.458536587	0.0			2.458536587	0.0			2.458536587	0.0005327822759945676			2.458536587	-0.0004991802673836344			2.458536587	-0.0017357206291848215			2.458536587	-0.0005891324175004014			2.458536587	-0.0008882719404264697		
2.473577237				2.473577237				2.473577237				2.473577237	0.0			2.473577237	0.0010581612673256392			2.473577237	-0.00025274116509025436			2.473577237	0.0			2.473577237	-0.00012527258681419048			2.473577237	0.0			2.473577237	-0.0005556340905034599		
2.488617888				2.488617888				2.488617888				2.488617888	0.0			2.488617888	0.0010853039759992082			2.488617888	0.0			2.488617888	-0.00034696378773730815			2.488617888	0.000947857429509073			2.488617888	0.0008092198729128486			2.488617888	-0.0011476333179262996		
2.503658538				2.503658538				2.503658538				2.503658538	0.0			2.503658538	0.0006706016150628308			2.503658538	-0.000152901291934233			2.503658538	0.002095038462095409			2.503658538	-0.00011883052849807126			2.503658538	-0.0005348810527771838			2.503658538	0.000583631654650174		
2.518699189				2.518699189				2.518699189				2.518699189	0.0			2.518699189	0.00043830315343280506			2.518699189	0.0002718776029898216			2.518699189	0.0013893090084976859			2.518699189	-0.0003873391792061661			2.518699189	0.0			2.518699189	-0.0007681452330023139		
2.533739839				2.533739839				2.533739839				2.533739839	0.0			2.533739839	-0.0013084018881490433			2.533739839	-0.0004749145302168665			2.533739839	0.00020815268655935933			2.533739839	-0.0005853130736593666			2.533739839	0.0008109448983820469			2.533739839	-0.0009668123215549576		
2.548780489				2.548780489				2.548780489				2.548780489	0.0			2.548780489	0.00010477169866304383			2.548780489	0.0003534745089376826			2.548780489	0.0			2.548780489	-0.0012767396807057134			2.548780489	-0.00038912389916599606			2.548780489	0.0009760866620475116		
2.56382114				2.56382114				2.56382114				2.56382114	0.0			2.56382114	0.0010646178345895278			2.56382114	-0.0002794147424490487			2.56382114	0.00025215473877802154			2.56382114	-0.0007394555004379836			2.56382114	-0.0005179298648639018			2.56382114	0.0007434110937360387		
2.57886179				2.57886179				2.57886179				2.57886179	0.0			2.57886179	-0.0012857737301826806			2.57886179	-0.0002436110635663443			2.57886179	-6.0389353912145976e-05			2.57886179	0.0			2.57886179	-0.000517473896861673			2.57886179	0.0		
2.59390244				2.59390244				2.59390244				2.59390244	0.0			2.59390244	-0.00015510885349232447			2.59390244	0.00026201349395645653			2.59390244	-0.0004404408052590419			2.59390244	-0.0004231821059601896			2.59390244	0.0			2.59390244	0.0		
2.608943091				2.608943091				2.608943091				2.608943091	0.0			2.608943091	0.0005796509635463171			2.608943091	0.0005421770592652669			2.608943091	-0.00039359913513785545			2.608943091	-1.406923019157567e-05			2.608943091	0.0003997292164063053			2.608943091	-0.0003322579417659541		
2.623983741				2.623983741				2.623983741				2.623983741	0.0			2.623983741	0.000419587690725729			2.623983741	0.0005783460156797436			2.623983741	0.0018993526712022383			2.623983741	-0.0006632679967271035			2.623983741	-0.00032403734093081147			2.623983741	0.0005728901761523765		
2.639024391				2.639024391				2.639024391				2.639024391	0.0			2.639024391	-0.0016095800721667819			2.639024391	0.0005949361129017528			2.639024391	2.334628722602152e-05			2.639024391	-0.0005045644149571835			2.639024391	0.0			2.639024391	0.0		
2.654065042				2.654065042				2.654065042				2.654065042	0.0			2.654065042	-0.00011140533237770715			2.654065042	0.0006459974496678743			2.654065042	0.0002021043491880723			2.654065042	0.0006606382266445059			2.654065042	-0.00036763353747717043			2.654065042	-0.0005229073591941515		
2.669105692				2.669105692				2.669105692				2.669105692	0.0			2.669105692	0.0012822612953631587			2.669105692	-0.0006078790988669047			2.669105692	-0.00031032020271986156			2.669105692	0.0007335844562991329			2.669105692	0.0013414912858049006			2.669105692	3.7385446407836534e-05		
2.684146342				2.684146342				2.684146342				2.684146342	0.0			2.684146342	-0.0009449330084836146			2.684146342	0.00014200189574437177			2.684146342	-8.500167304084159e-06			2.684146342	0.0			2.684146342	0.0			2.684146342	0.0011734958517046069		
2.699186993				2.699186993				2.699186993				2.699186993	0.0			2.699186993	0.00020030890623322446			2.699186993	0.00046515664756134725			2.699186993	-0.00041317427651420003			2.699186993	5.089627800608954e-05			2.699186993	0.0			2.699186993	0.0		
2.714227643				2.714227643				2.714227643				2.714227643	0.0			2.714227643	0.0006503273377331127			2.714227643	0.0005228491317540785			2.714227643	0.000600327929564401			2.714227643	-0.00012009068435788764			2.714227643	-0.00026967591857697326			2.714227643	0.0		
2.729268294				2.729268294				2.729268294				2.729268294	0.0			2.729268294	0.0			2.729268294	0.0008720550684760567			2.729268294	-3.166433405950938e-05			2.729268294	0.0003621321242248743			2.729268294	-0.0002500340433223844			2.729268294	-0.00018358199720654376		
2.744308944				2.744308944				2.744308944				2.744308944				2.744308944	-0.0004914422177818168			2.744308944	0.00032215924194240104			2.744308944	0.0			2.744308944	0.0			2.744308944	0.0			2.744308944	-0.0005265228915140728		
2.759349594				2.759349594				2.759349594				2.759349594				2.759349594	0.0			2.759349594	0.0			2.759349594	-0.0003072331782445607			2.759349594	0.0			2.759349594	0.0			2.759349594	0.0		
2.774390245				2.774390245				2.774390245				2.774390245				2.774390245	0.0			2.774390245	-0.00031141802542930904			2.774390245	0.00039269476268272526			2.774390245	0.0			2.774390245	0.0			2.774390245	0.0		
2.789430895				2.789430895				2.789430895				2.789430895				2.789430895	4.2615125384963484e-05			2.789430895	0.0005253785718436802			2.789430895	-0.0003361333498492657			2.789430895	-0.00019476614995733962			2.789430895	-6.154475806635641e-05			2.789430895	-0.0002453393720694262		
2.804471545				2.804471545				2.804471545				2.804471545				2.804471545	0.0			2.804471545	0.0008581016451340269			2.804471545	0.0007823151766736779			2.804471545	-0.0003492256016416618			2.804471545	-0.00012307425154105186			2.804471545	0.0005848759177078944		
2.819512196				2.819512196				2.819512196				2.819512196				2.819512196	0.0			2.819512196	0.0004705678199762458			2.819512196	-0.000425222752124418			2.819512196	0.0			2.819512196	0.0			2.819512196	0.0		
2.834552846				2.834552846				2.834552846				2.834552846				2.834552846	0.0			2.834552846	0.0004576521430128185			2.834552846	6.768539174170558e-05			2.834552846	0.0003072533957021616			2.834552846	0.0010417757128263624			2.834552846	-0.00038799693386277903		
2.849593496				2.849593496				2.849593496				2.849593496				2.849593496	-0.00021519565678273175			2.849593496	-0.0004571938284927996			2.849593496	-0.00024316816063694264			2.849593496	-0.0008054642295448873			2.849593496	0.0			2.849593496	0.0007446095990330487		
2.864634147				2.864634147				2.864634147				2.864634147				2.864634147	0.0			2.864634147	0.0003066018121230743			2.864634147	0.0006748499234112219			2.864634147	-0.0013428700049899485			2.864634147	0.0001442263020380487			2.864634147	-0.0009532900775090769		
2.879674797				2.879674797				2.879674797				2.879674797				2.879674797	0.0			2.879674797	0.0			2.879674797	0.00029751960665648947			2.879674797	0.0010592840880314282			2.879674797	0.0014954351618906585			2.879674797	0.000807456538190621		
2.894715447				2.894715447				2.894715447				2.894715447				2.894715447	0.0			2.894715447	0.0			2.894715447	-3.7562091914420395e-06			2.894715447	-0.0003372063877287723			2.894715447	0.0004083420535547148			2.894715447	0.0008702306075789594		
2.909756098				2.909756098				2.909756098				2.909756098				2.909756098	0.0			2.909756098	-0.0005257547390907241			2.909756098	9.01298770022215e-05			2.909756098	-0.0008511243041445266			2.909756098	0.0			2.909756098	-0.0006216018515686787		
2.924796748				2.924796748				2.924796748				2.924796748				2.924796748	0.0			2.924796748	-0.00020399072428893067			2.924796748	-0.00035284259669341237			2.924796748	-0.00019991958008298095			2.924796748	0.0017005316466694874			2.924796748	0.0		
2.939837399				2.939837399				2.939837399				2.939837399				2.939837399	0.001324862535123641			2.939837399	-0.00039177292140430927			2.939837399	-0.0004478925966610936			2.939837399	0.0006754693017461339			2.939837399	0.0011265444920839968			2.939837399	1.9869305872555253e-05		
2.954878049				2.954878049				2.954878049				2.954878049				2.954878049	0.0			2.954878049	0.0009487772237573065			2.954878049	0.000455984912463389			2.954878049	-0.0008214941346565447			2.954878049	-0.0005569771887787893			2.954878049	0.0002457002443692265		
2.969918699				2.969918699				2.969918699				2.969918699				2.969918699	-0.0034131193098602295			2.969918699	0.0			2.969918699	0.0004182527891267434			2.969918699	-0.0012144173361299717			2.969918699	-0.0013817269665138052			2.969918699	-8.843143292395996e-06		
2.98495935				2.98495935				2.98495935				2.98495935				2.98495935	0.0			2.98495935	-0.0005403750332834744			2.98495935	9.251248104908738e-05			2.98495935	0.00022607103020859455			2.98495935	0.0014023896897668753			2.98495935	-4.848178976058208e-05		
3.0				3.0				3.0				3.0				3.0	0.0			3.0	-6.304374844942743e-05			3.0	-8.467168257294577e-05			3.0	-9.054931493728247e-05			3.0	0.0004489159696116337			3.0	0.0		
