E (meV)	LETPLET_thf_background_summed_1.05meV_coh_rings_0.35A-1	err	E (meV)	LETPLET_thf_background_summed_1.05meV_coh_rings_0.45A-1	err	E (meV)	LETPLET_thf_background_summed_1.05meV_coh_rings_0.55A-1	err	E (meV)	LETPLET_thf_background_summed_1.05meV_coh_rings_0.6499999999999999A-1	err	E (meV)	LETPLET_thf_background_summed_1.05meV_coh_rings_0.75A-1	err	E (meV)	LETPLET_thf_background_summed_1.05meV_coh_rings_0.8499999999999999A-1	err	E (meV)	LETPLET_thf_background_summed_1.05meV_coh_rings_0.95A-1	err	E (meV)	LETPLET_thf_background_summed_1.05meV_coh_rings_1.0499999999999998A-1	err	E (meV)	LETPLET_thf_background_summed_1.05meV_coh_rings_1.15A-1	err	E (meV)	LETPLET_thf_background_summed_1.05meV_coh_rings_1.25A-1	err
-3.0			-3.0			-3.0			-3.0			-3.0	0.0	0.0	-3.0	-0.000147543851	0.0001663793734	-3.0	-0.0001981605857	0.0007788509225	-3.0	-0.000211916248	0.0006210808497	-3.0	0.001050616319	0.0009420124091	-3.0	0.0	0.0
-2.98495935			-2.98495935			-2.98495935			-2.98495935			-2.98495935	0.0	0.0	-2.98495935	-0.001271449072	0.0007630568705	-2.98495935	0.000217672729	0.0005395420495	-2.98495935	0.0005319228015	0.0007042900391	-2.98495935	0.003299684404	0.001644846129	-2.98495935	-0.000114072862	0.001257420516
-2.969918699			-2.969918699			-2.969918699			-2.969918699			-2.969918699	-0.008074037878	0.004865442983	-2.969918699	0.0	0.0	-2.969918699	0.0009894142441	0.0008542334879	-2.969918699	-0.002872812428	0.001559787692	-2.969918699	-0.003268598268	0.001360144587	-2.969918699	-2.091924349e-05	0.0001163092575
-2.954878049			-2.954878049			-2.954878049			-2.954878049			-2.954878049	0.0	0.0	-2.954878049	0.002256577771	0.0009832118145	-2.954878049	0.00108451741	0.0006602422696	-2.954878049	-0.001953846864	0.001135060621	-2.954878049	-0.001324718081	0.0008053580081	-2.954878049	0.0005843750207	0.001847997748
-2.939837399			-2.939837399			-2.939837399			-2.939837399			-2.939837399	0.003168216522	0.002121946443	-2.939837399	-0.0009368680973	0.001101156267	-2.939837399	-0.001071070158	0.0006536089542	-2.939837399	0.001615286828	0.0009928334979	-2.939837399	0.002693967697	0.001661542905	-2.939837399	4.751456206e-05	0.0002084450518
-2.924796748			-2.924796748			-2.924796748			-2.924796748			-2.924796748	0.0	0.0	-2.924796748	-0.000490482807	0.0004528403115	-2.924796748	-0.0008483877287	0.0006438870053	-2.924796748	-0.000480693998	0.0008992447839	-2.924796748	0.004088820893	0.001921353431	-2.924796748	0.0	0.0
-2.909756098			-2.909756098			-2.909756098			-2.909756098			-2.909756098	0.0	0.0	-2.909756098	-0.00127109312	0.001267867123	-2.909756098	0.00021790287	0.0007156000261	-2.909756098	-0.002057724195	0.001232460236	-2.909756098	0.0	0.0	-2.909756098	-0.001502818288	0.0009010256168
-2.894715447			-2.894715447			-2.894715447			-2.894715447			-2.894715447	0.0	0.0	-2.894715447	0.0	0.0	-2.894715447	-9.131378311e-06	0.0008854423502	-2.894715447	-0.0008197517599	0.0007104715795	-2.894715447	0.000992683203	0.001369897642	-2.894715447	0.00211553843	0.001297768157
-2.879674797			-2.879674797			-2.879674797			-2.879674797			-2.879674797	0.0	0.0	-2.879674797	0.0	0.0	-2.879674797	0.0007272877269	0.000493568233	-2.879674797	0.002589423686	0.001589799138	-2.879674797	0.003655596523	0.002293536266	-2.879674797	0.001973830353	0.001208123858
-2.864634147			-2.864634147			-2.864634147			-2.864634147			-2.864634147	0.0	0.0	-2.864634147	0.0007536701604	0.000541431114	-2.864634147	0.001658875551	0.001105987446	-2.864634147	-0.003300962395	0.00130257827	-2.864634147	0.0003545284336	0.0005026930285	-2.864634147	-0.002343320415	0.001557725231
-2.849593496			-2.849593496			-2.849593496			-2.849593496			-2.849593496	-0.0005319465531	0.000552903841	-2.849593496	-0.001130146792	0.001328881124	-2.849593496	-0.0006010923585	0.001314169347	-2.849593496	-0.001991043532	0.0009577749951	-2.849593496	0.0	0.0	-2.849593496	0.001840615724	0.001191681161
-2.834552846			-2.834552846			-2.834552846			-2.834552846			-2.834552846	0.0	0.0	-2.834552846	0.001137653417	0.0009999390363	-2.834552846	0.0001682555591	0.0007363405274	-2.834552846	0.0007637850731	0.001243338675	-2.834552846	0.002589695509	0.001961222143	-2.834552846	-0.0009645011923	0.0007433064113
-2.819512196			-2.819512196			-2.819512196			-2.819512196			-2.819512196	0.0	0.0	-2.819512196	0.001176383409	0.0009837549579	-2.819512196	-0.001063024222	0.000690832156	-2.819512196	0.0	0.0	-2.819512196	0.0	0.0	-2.819512196	0.0	0.0
-2.804471545			-2.804471545			-2.804471545			-2.804471545			-2.804471545	0.0	0.0	-2.804471545	0.002157396334	0.0009151022556	-2.804471545	0.001966857777	0.0008957088166	-2.804471545	-0.0008780055801	0.0007584950202	-2.804471545	-0.0003094271414	0.0004526578254	-2.804471545	0.001470465845	0.00180606156
-2.789430895			-2.789430895			-2.789430895			-2.789430895			-2.789430895	0.0001077536486	0.001354588792	-2.789430895	0.001328435796	0.001058606526	-2.789430895	-0.0008499234611	0.0005083352648	-2.789430895	-0.0004924721702	0.000567885835	-2.789430895	-0.0001556178041	0.0003211439771	-2.789430895	-0.0006203481099	0.0006271916704
-2.774390245			-2.774390245			-2.774390245			-2.774390245			-2.774390245	0.0	0.0	-2.774390245	-0.0007919569689	0.0004776242404	-2.774390245	0.0009986491743	0.000612592966	-2.774390245	0.0	0.0	-2.774390245	0.0	0.0	-2.774390245	0.0	0.0
-2.759349594			-2.759349594			-2.759349594			-2.759349594			-2.759349594	0.0	0.0	-2.759349594	0.0	0.0	-2.759349594	-0.0007858294946	0.0004708417979	-2.759349594	0.0	0.0	-2.759349594	0.0	0.0	-2.759349594	0.0	0.0
-2.744308944			-2.744308944			-2.744308944			-2.744308944			-2.744308944	-0.00126429359	0.0007613984693	-2.744308944	0.0008287929889	0.0005102253831	-2.744308944	0.0	0.0	-2.744308944	0.0	0.0	-2.744308944	0.0	0.0	-2.744308944	-0.001354542798	0.000813619739
-2.729268294			-2.729268294			-2.729268294			-2.729268294	0.0	0.0	-2.729268294	0.0	0.0	-2.729268294	0.002256564114	0.0008865810808	-2.729268294	-8.193588056e-05	0.0007413629433	-2.729268294	0.0009370673775	0.0008317011551	-2.729268294	-0.000646997959	0.0005610023121	-2.729268294	-0.0004750440217	0.000480679751
-2.714227643			-2.714227643			-2.714227643			-2.714227643	0.0	0.0	-2.714227643	0.001692689286	0.001040451812	-2.714227643	0.001360885622	0.0006811573754	-2.714227643	0.001562549497	0.001262269603	-2.714227643	-0.0003125752263	0.001310125111	-2.714227643	-0.0007019196512	0.0005845774958	-2.714227643	0.0	0.0
-2.699186993			-2.699186993			-2.699186993			-2.699186993	0.0	0.0	-2.699186993	0.0005244454032	0.00116968036	-2.699186993	0.001217865297	0.001058772036	-2.699186993	-0.001081765929	0.001503532996	-2.699186993	0.0001332557775	0.0002788857063	-2.699186993	0.0	0.0	-2.699186993	0.0	0.0
-2.684146342			-2.684146342			-2.684146342			-2.684146342	0.0	0.0	-2.684146342	-0.002488681408	0.001056793092	-2.684146342	0.0003739920975	0.0008101227035	-2.684146342	-2.238699267e-05	0.0009400035353	-2.684146342	0.0	0.0	-2.684146342	0.0	0.0	-2.684146342	0.003090650112	0.001899127732
-2.669105692			-2.669105692			-2.669105692			-2.669105692	0.0	0.0	-2.669105692	0.003397243671	0.002072498308	-2.669105692	-0.001610524648	0.0006243843973	-2.669105692	-0.0008221673293	0.0007736497885	-2.669105692	0.001943570441	0.00121155127	-2.669105692	0.003554168559	0.001789907419	-2.669105692	9.904960218e-05	0.001436783834
-2.654065042			-2.654065042			-2.654065042			-2.654065042	0.0	0.0	-2.654065042	-0.0002969284431	0.0003287089877	-2.654065042	0.001721775905	0.0008865537642	-2.654065042	0.0005386683785	0.0005906690626	-2.654065042	0.001760797943	0.001082560904	-2.654065042	-0.0009798530428	0.001082440882	-2.654065042	-0.001393704096	0.001201658138
-2.639024391			-2.639024391			-2.639024391			-2.639024391	0.0	0.0	-2.639024391	-0.004315866472	0.002056841397	-2.639024391	0.001595238949	0.0009813894707	-2.639024391	6.259984205e-05	0.001140954839	-2.639024391	-0.001352919733	0.0007965689521	-2.639024391	0.0	0.0	-2.639024391	0.0	0.0
-2.623983741			-2.623983741			-2.623983741			-2.623983741	0.0	0.0	-2.623983741	0.001131883776	0.001333788693	-2.623983741	0.001560151755	0.0008788777843	-2.623983741	0.00512371197	0.001604319813	-2.623983741	-0.001789238105	0.001019402737	-2.623983741	-0.0008741262366	0.001319847046	-2.623983741	0.00154543403	0.001549840051
-2.608943091			-2.608943091			-2.608943091			-2.608943091	0.0	0.0	-2.608943091	0.00157319876	0.001308251506	-2.608943091	0.0014714929	0.001161753186	-2.608943091	-0.001068245738	0.0006393732162	-2.608943091	-3.81845229e-05	0.0001435723512	-2.608943091	0.001084883054	0.0008996423757	-2.608943091	-0.000901762983	0.0007266913085
-2.59390244			-2.59390244			-2.59390244			-2.59390244	0.0	0.0	-2.59390244	-0.00042355126	0.0003362020499	-2.59390244	0.0007154726697	0.0009366973877	-2.59390244	-0.001202698968	0.0009011724647	-2.59390244	-0.001155571137	0.001698926011	-2.59390244	0.0	0.0	-2.59390244	0.0	0.0
-2.57886179			-2.57886179			-2.57886179			-2.57886179	0.0	0.0	-2.57886179	-0.003532652208	0.001719803249	-2.57886179	-0.0006693192911	0.0004003573976	-2.57886179	-0.0001659192278	0.001204440291	-2.57886179	0.0	0.0	-2.57886179	-0.001421755058	0.0008534469244	-2.57886179	0.0	0.0
-2.56382114			-2.56382114			-2.56382114			-2.56382114	0.0	0.0	-2.56382114	0.002943145781	0.001213129451	-2.56382114	-0.0007724446216	0.0006703062205	-2.56382114	0.0006970840911	0.001045708216	-2.56382114	-0.002044231522	0.001223904816	-2.56382114	-0.001431821868	0.0008595796779	-2.56382114	0.002055166796	0.001265294144
-2.548780489			-2.548780489			-2.548780489			-2.548780489	0.0	0.0	-2.548780489	0.0002914463743	0.0003724023534	-2.548780489	0.0009832699608	0.0007942187147	-2.548780489	0.0	0.0	-2.548780489	-0.003551542598	0.002129380837	-2.548780489	-0.00108243687	0.002411943675	-2.548780489	0.002715207659	0.002043506045
-2.533739839			-2.533739839			-2.533739839			-2.533739839	0.0	0.0	-2.533739839	-0.003662415197	0.001613284561	-2.533739839	-0.001329357752	0.0006093877338	-2.533739839	0.000582650919	0.00123961416	-2.533739839	-0.001638380008	0.0009859958639	-2.533739839	0.002269957684	0.001656461947	-2.533739839	-0.002706254226	0.001241333823
-2.518699189			-2.518699189			-2.518699189			-2.518699189	0.0	0.0	-2.518699189	0.001234605033	0.00114515357	-2.518699189	0.0007658203104	0.001076217936	-2.518699189	0.003913382509	0.00171808229	-2.518699189	-0.001091050558	0.001463281786	-2.518699189	0.0	0.0	-2.518699189	-0.002163698717	0.001090816144
-2.503658538			-2.503658538			-2.503658538			-2.503658538	0.0	0.0	-2.503658538	0.001900905591	0.001177345265	-2.503658538	-0.0004334181639	0.0003383486315	-2.503658538	0.005938653049	0.002156370994	-2.503658538	-0.0003368402505	0.001414185819	-2.503658538	-0.001516188391	0.0009123292251	-2.503658538	0.001654378174	0.001748461934
-2.488617888			-2.488617888			-2.488617888			-2.488617888	0.0	0.0	-2.488617888	0.003096032501	0.001901729674	-2.488617888	0.0	0.0	-2.488617888	-0.0009897790732	0.0005931248375	-2.488617888	0.00270394053	0.001732153698	-2.488617888	0.00230845098	0.001969541217	-2.488617888	-0.003273838602	0.001357160498
-2.473577237			-2.473577237			-2.473577237			-2.473577237	0.0	0.0	-2.473577237	0.003037945588	0.001345624996	-2.473577237	-0.0007256114272	0.0006054763106	-2.473577237	0.0	0.0	-2.473577237	-0.0003596534046	0.0004553202632	-2.473577237	0.0	0.0	-2.473577237	-0.00159520688	0.0009467933451
-2.458536587			-2.458536587			-2.458536587			-2.458536587	0.0	0.0	-2.458536587	0.0	0.0	-2.458536587	0.00153945839	0.0007147274841	-2.458536587	-0.001442366395	0.0008673561725	-2.458536587	-0.005015312644	0.001823348805	-2.458536587	-0.001702280432	0.001285885265	-2.458536587	-0.002566635102	0.001225773646
-2.443495937			-2.443495937			-2.443495937			-2.443495937	0.0	0.0	-2.443495937	0.0	0.0	-2.443495937	-0.001739417459	0.0007584895515	-2.443495937	-0.003786838848	0.001518460262	-2.443495937	0.002840223066	0.001850525498	-2.443495937	-0.000519966467	0.001979751356	-2.443495937	-0.000140192552	0.001109710466
-2.428455286			-2.428455286			-2.428455286			-2.428455286	0.0	0.0	-2.428455286	0.0	0.0	-2.428455286	-0.0007820047251	0.0005588296186	-2.428455286	-0.001374925705	0.0008032382259	-2.428455286	-0.000462207502	0.0005254096834	-2.428455286	-0.0007804384743	0.0006804423312	-2.428455286	0.001054995971	0.001717035385
-2.413414636			-2.413414636			-2.413414636			-2.413414636	0.02512806988	0.01276623929	-2.413414636	-0.0004450165307	0.0007924868417	-2.413414636	0.0	0.0	-2.413414636	0.0006243874172	0.0006397919222	-2.413414636	0.0	0.0	-2.413414636	-0.002434934685	0.001735843067	-2.413414636	0.004748789879	0.002377310658
-2.398373986			-2.398373986			-2.398373986			-2.398373986	0.0	0.0	-2.398373986	2.147797661e-05	0.001698163455	-2.398373986	-0.000660700443	0.0004080426746	-2.398373986	-0.00179568872	0.001467986064	-2.398373986	-0.001394783215	0.0008592255539	-2.398373986	0.0005439721717	0.0007534956472	-2.398373986	-0.001183427425	0.001503551635
-2.383333335			-2.383333335			-2.383333335			-2.383333335	0.0	0.0	-2.383333335	0.0	0.0	-2.383333335	0.0004079532877	0.0003987676637	-2.383333335	-8.524538893e-05	0.0002181726279	-2.383333335	-0.002494288335	0.001178463646	-2.383333335	-0.0004851658358	0.002778599034	-2.383333335	0.0007770482332	0.0008657312313
-2.368292685			-2.368292685			-2.368292685			-2.368292685	0.002340470286	0.00184802065	-2.368292685	0.001042769157	0.001047065036	-2.368292685	-0.0002847806723	0.0005684762724	-2.368292685	0.0	0.0	-2.368292685	-0.0004813099763	0.001029389658	-2.368292685	0.0005511518292	0.000887463937	-2.368292685	-0.0004216327289	0.001873507691
-2.353252035			-2.353252035			-2.353252035			-2.353252035	0.0	0.0	-2.353252035	0.0008399436432	0.0005225230527	-2.353252035	-0.001167733895	0.0007624495808	-2.353252035	-0.0002387513459	0.0003550748158	-2.353252035	-0.007504516194	0.003699499012	-2.353252035	-0.00201230892	0.001255252749	-2.353252035	6.61645311e-05	0.001535620784
-2.338211384			-2.338211384			-2.338211384			-2.338211384	0.0	0.0	-2.338211384	0.001402794154	0.0008642964027	-2.338211384	-0.0008860699462	0.0005321251478	-2.338211384	0.001397998759	0.0008670887793	-2.338211384	0.0	0.0	-2.338211384	-0.0003023677691	0.0003936201752	-2.338211384	-0.0006126660313	0.001277969906
-2.323170734			-2.323170734			-2.323170734			-2.323170734	0.0	0.0	-2.323170734	0.0	0.0	-2.323170734	-0.002514800936	0.0008696887834	-2.323170734	0.001972594995	0.00140734058	-2.323170734	0.0	0.0	-2.323170734	-0.001125180819	0.0007590408359	-2.323170734	-0.0006373296155	0.00215515933
-2.308130084			-2.308130084			-2.308130084			-2.308130084	-0.0006386732382	0.0007521830522	-2.308130084	0.0002136159716	0.0006282750988	-2.308130084	0.002554215384	0.001242575897	-2.308130084	0.0005626512902	0.0007520970042	-2.308130084	0.0	0.0	-2.308130084	0.0	0.0	-2.308130084	6.994317351e-06	7.324145281e-05
-2.293089433			-2.293089433			-2.293089433			-2.293089433	-0.003609406166	0.001770849411	-2.293089433	-0.001071928919	0.0006851744209	-2.293089433	0.0006647169327	0.0009548407387	-2.293089433	-0.000842994328	0.0006916338383	-2.293089433	0.0009679643372	0.001941166979	-2.293089433	0.0	0.0	-2.293089433	0.0	0.0
-2.278048783			-2.278048783			-2.278048783			-2.278048783	0.009201081963	0.005710230116	-2.278048783	-7.223218134e-05	0.0001458044688	-2.278048783	0.0004200160194	0.00119067989	-2.278048783	-0.001580530261	0.0009259975419	-2.278048783	-0.001137271556	0.001510117671	-2.278048783	0.0	0.0	-2.278048783	0.0	0.0
-2.263008132			-2.263008132			-2.263008132			-2.263008132	0.0	0.0	-2.263008132	0.0	0.0	-2.263008132	0.0	0.0	-2.263008132	0.0	0.0	-2.263008132	0.0003966900525	0.00126751621	-2.263008132	0.001292240997	0.001251184581	-2.263008132	0.003685018081	0.001871081533
-2.247967482			-2.247967482			-2.247967482			-2.247967482	0.0	0.0	-2.247967482	0.0	0.0	-2.247967482	0.0	0.0	-2.247967482	0.0	0.0	-2.247967482	0.0	0.0	-2.247967482	0.0	0.0	-2.247967482	0.0	0.0
-2.232926832			-2.232926832			-2.232926832			-2.232926832	0.0	0.0	-2.232926832	-0.00148025272	0.0006504177521	-2.232926832	-9.774869503e-05	0.0001819892264	-2.232926832	-0.001284224343	0.000768073266	-2.232926832	0.002071704131	0.001286772847	-2.232926832	0.0	0.0	-2.232926832	0.0	0.0
-2.217886181			-2.217886181			-2.217886181			-2.217886181	0.0	0.0	-2.217886181	0.0	0.0	-2.217886181	0.0	0.0	-2.217886181	0.0	0.0	-2.217886181	-0.001602981429	0.0009598396336	-2.217886181	0.0	0.0	-2.217886181	-0.001828026193	0.001093670021
-2.202845531			-2.202845531			-2.202845531			-2.202845531	-0.0007757899264	0.0006576434333	-2.202845531	-0.002872437364	0.001078501398	-2.202845531	-0.0006874203447	0.0004115899234	-2.202845531	0.004454730564	0.002015238072	-2.202845531	0.002088787366	0.001300715565	-2.202845531	0.0	0.0	-2.202845531	0.0	0.0
-2.187804881			-2.187804881			-2.187804881			-2.187804881	0.0007977996759	0.001578375743	-2.187804881	-0.003411707659	0.001233668116	-2.187804881	0.001512216441	0.001331878509	-2.187804881	0.0	0.0	-2.187804881	-0.001695043822	0.001016247053	-2.187804881	0.0	0.0	-2.187804881	0.002467113871	0.001632466229
-2.17276423			-2.17276423			-2.17276423			-2.17276423	0.0	0.0	-2.17276423	-0.0005003006396	0.0003672548268	-2.17276423	-0.0004114075752	0.0008908497627	-2.17276423	0.002237307986	0.001414032129	-2.17276423	0.0	0.0	-2.17276423	-0.00102661231	0.0008065629057	-2.17276423	-0.0003759315324	0.0009021787726
-2.15772358			-2.15772358			-2.15772358	0.0	0.0	-2.15772358	0.0	0.0	-2.15772358	0.0	0.0	-2.15772358	0.0	0.0	-2.15772358	0.003630396757	0.002285430404	-2.15772358	0.0	0.0	-2.15772358	0.003588530783	0.002292916283	-2.15772358	0.0	0.0
-2.14268293			-2.14268293			-2.14268293	0.0	0.0	-2.14268293	0.0	0.0	-2.14268293	-0.001023879123	0.0005715906367	-2.14268293	-0.000250342337	0.0002496497989	-2.14268293	0.0	0.0	-2.14268293	0.0	0.0	-2.14268293	0.0	0.0	-2.14268293	0.002580512076	0.001658864901
-2.127642279			-2.127642279			-2.127642279	0.0	0.0	-2.127642279	-0.001894955577	0.001026358798	-2.127642279	-0.001968495517	0.0008099330606	-2.127642279	0.0002507313897	0.0009206375222	-2.127642279	0.002196442386	0.001654686235	-2.127642279	0.000512378287	0.001283501427	-2.127642279	0.001275034481	0.001802997123	-2.127642279	0.0	0.0
-2.112601629			-2.112601629			-2.112601629	0.0	0.0	-2.112601629	0.00195753668	0.001301381108	-2.112601629	-0.0005056498777	0.0007188776207	-2.112601629	-0.002253470464	0.0008565598395	-2.112601629	0.0	0.0	-2.112601629	0.0	0.0	-2.112601629	0.0	0.0	-2.112601629	0.002002944125	0.001250503531
-2.097560979			-2.097560979			-2.097560979	0.0	0.0	-2.097560979	0.0	0.0	-2.097560979	-0.000897985543	0.0004751367863	-2.097560979	-0.002610802862	0.001324721846	-2.097560979	-0.0001124669778	0.001477248916	-2.097560979	-0.001157255228	0.001452861094	-2.097560979	-0.001356612895	0.000883189998	-2.097560979	0.002087935132	0.001680618705
-2.082520328			-2.082520328			-2.082520328	-0.02103835984	0.02272239232	-2.082520328	-0.005839030125	0.004208435117	-2.082520328	-0.002023463712	0.0009793986373	-2.082520328	0.002533892321	0.001214659686	-2.082520328	0.0	0.0	-2.082520328	0.0	0.0	-2.082520328	0.002194508808	0.00161982944	-2.082520328	-0.002543324195	0.001186715805
-2.067479678			-2.067479678			-2.067479678	0.0	0.0	-2.067479678	0.0	0.0	-2.067479678	0.0	0.0	-2.067479678	0.001373355291	0.001323461475	-2.067479678	0.001236092497	0.001886571553	-2.067479678	-0.001936739559	0.001133144359	-2.067479678	-0.001222227408	0.001236553751	-2.067479678	-0.001602946865	0.0009604385231
-2.052439027			-2.052439027			-2.052439027	0.0	0.0	-2.052439027	0.0	0.0	-2.052439027	0.001427655255	0.0009059463715	-2.052439027	0.002689274794	0.002280457845	-2.052439027	0.002235298972	0.001415908265	-2.052439027	0.0	0.0	-2.052439027	0.0	0.0	-2.052439027	0.002838186897	0.001785426283
-2.037398377			-2.037398377			-2.037398377	0.0	0.0	-2.037398377	0.0	0.0	-2.037398377	0.0009070561459	0.0005640925596	-2.037398377	-0.001877710558	0.0009092678209	-2.037398377	0.001641058777	0.002261851164	-2.037398377	0.0	0.0	-2.037398377	0.0	0.0	-2.037398377	0.00267054803	0.001900630792
-2.022357727			-2.022357727			-2.022357727	0.0	0.0	-2.022357727	0.001669952341	0.001856731353	-2.022357727	-0.0002787865348	0.000305948047	-2.022357727	-0.001176239995	0.0006532753272	-2.022357727	0.002621513841	0.001578191747	-2.022357727	0.0	0.0	-2.022357727	-0.002154343915	0.001288376442	-2.022357727	8.901667847e-05	0.001149997257
-2.007317076			-2.007317076			-2.007317076	0.0	0.0	-2.007317076	-0.001111692922	0.0006658931064	-2.007317076	0.0	0.0	-2.007317076	0.001779660477	0.001121465368	-2.007317076	0.002922533581	0.001964611564	-2.007317076	0.0	0.0	-2.007317076	0.0	0.0	-2.007317076	-0.00300210925	0.001307053199
-1.992276426			-1.992276426			-1.992276426	0.0	0.0	-1.992276426	-0.001264329066	0.0007572887319	-1.992276426	0.0001578661398	0.0007437559432	-1.992276426	-0.001962316453	0.001089446841	-1.992276426	-0.0002536965206	0.002047615932	-1.992276426	0.001176695279	0.001194650497	-1.992276426	-0.001430677339	0.002033528527	-1.992276426	0.000160775051	0.0009089714911
-1.977235776			-1.977235776			-1.977235776	0.0	0.0	-1.977235776	-0.002964093585	0.00177217616	-1.977235776	0.0004924962286	0.001317054584	-1.977235776	0.001849763577	0.001458798643	-1.977235776	-0.004607923145	0.003061123552	-1.977235776	0.002570940983	0.001628237326	-1.977235776	0.0	0.0	-1.977235776	0.00181666009	0.00132377332
-1.962195125			-1.962195125			-1.962195125	0.0	0.0	-1.962195125	-0.0003119283251	0.0002969008934	-1.962195125	-0.001177924462	0.000608748363	-1.962195125	-0.0002124186721	0.0002916550772	-1.962195125	-0.001079982732	0.001482782072	-1.962195125	0.0004961656483	0.001752703021	-1.962195125	0.003838447145	0.002385607672	-1.962195125	0.002659797405	0.001694099436
-1.947154475			-1.947154475			-1.947154475	0.0	0.0	-1.947154475	-0.0003109166451	0.0002917787188	-1.947154475	0.001912971575	0.001666399335	-1.947154475	-0.001377130654	0.0008230857195	-1.947154475	0.003526376668	0.002211088333	-1.947154475	-0.002232769359	0.001334840244	-1.947154475	0.0	0.0	-1.947154475	0.0	0.0
-1.932113825			-1.932113825			-1.932113825	0.0	0.0	-1.932113825	0.0	0.0	-1.932113825	0.001604138363	0.001040416094	-1.932113825	0.001306087244	0.001718673487	-1.932113825	0.0	0.0	-1.932113825	0.0	0.0	-1.932113825	0.0	0.0	-1.932113825	-0.0009542567885	0.0007988765881
-1.917073174			-1.917073174			-1.917073174	0.0	0.0	-1.917073174	0.0004669571954	0.0004678805157	-1.917073174	0.0007757411405	0.0006392839573	-1.917073174	0.001763927729	0.001992150408	-1.917073174	0.002403615214	0.001643520454	-1.917073174	0.0	0.0	-1.917073174	0.0	0.0	-1.917073174	-0.003058618484	0.001501367684
-1.902032524			-1.902032524			-1.902032524	0.0	0.0	-1.902032524	0.001853002829	0.001930134407	-1.902032524	0.0	0.0	-1.902032524	0.001319257812	0.001095653245	-1.902032524	0.0001385149107	0.0003577033589	-1.902032524	-0.002983565519	0.001534652666	-1.902032524	-0.0006433812487	0.0007165715418	-1.902032524	0.002560653114	0.001626798016
-1.886991874			-1.886991874			-1.886991874	0.0	0.0	-1.886991874	0.004319058788	0.001982977114	-1.886991874	0.0002800054788	0.0009023911356	-1.886991874	0.003085830768	0.001615613178	-1.886991874	0.006430211789	0.003135187938	-1.886991874	-0.002208575873	0.001211169495	-1.886991874	-0.0003385980104	0.0005200496121	-1.886991874	0.0	0.0
-1.871951223			-1.871951223			-1.871951223	0.0	0.0	-1.871951223	0.0	0.0	-1.871951223	-0.0007356332194	0.0004396902135	-1.871951223	-0.0006029542306	0.0005797751448	-1.871951223	-0.002668839822	0.001361150771	-1.871951223	0.00276057024	0.001785700027	-1.871951223	0.0	0.0	-1.871951223	0.001724956565	0.001236778263
-1.856910573			-1.856910573			-1.856910573	0.0	0.0	-1.856910573	0.000280263019	0.001060047885	-1.856910573	0.001586761108	0.0008749656306	-1.856910573	-0.0001815539802	0.0003182730196	-1.856910573	-0.0001695700136	0.0003095845612	-1.856910573	0.0	0.0	-1.856910573	0.002854305086	0.001779054208	-1.856910573	0.0004935531945	0.0006597398242
-1.841869922			-1.841869922			-1.841869922	0.0	0.0	-1.841869922	0.0	0.0	-1.841869922	-6.183237274e-05	0.0007808320952	-1.841869922	0.0	0.0	-1.841869922	0.001813602305	0.001423030848	-1.841869922	-0.0008311445003	0.001456344047	-1.841869922	0.0	0.0	-1.841869922	0.0	0.0
-1.826829272			-1.826829272			-1.826829272	0.0	0.0	-1.826829272	0.004120994269	0.002586826448	-1.826829272	-0.0006778820079	0.0005410903069	-1.826829272	-0.0005533563932	0.0004990579057	-1.826829272	0.0	0.0	-1.826829272	0.001988737822	0.001401670233	-1.826829272	0.006958667891	0.00263417558	-1.826829272	-0.001400797561	0.0008808240789
-1.811788622			-1.811788622			-1.811788622	0.0	0.0	-1.811788622	0.001263383736	0.0008018390804	-1.811788622	-0.0008797586829	0.0005266967439	-1.811788622	0.0	0.0	-1.811788622	9.939245691e-05	0.0003030905779	-1.811788622	0.0	0.0	-1.811788622	0.003027926342	0.001893833001	-1.811788622	0.0	0.0
-1.796747971			-1.796747971			-1.796747971	0.008658895052	0.005431348329	-1.796747971	0.0	0.0	-1.796747971	0.0	0.0	-1.796747971	-0.001102821417	0.0008447441838	-1.796747971	0.002209755189	0.001428341278	-1.796747971	-0.001246691007	0.0009569590417	-1.796747971	0.004157789468	0.002120230204	-1.796747971	-0.00484764866	0.002516304323
-1.781707321			-1.781707321			-1.781707321	0.0	0.0	-1.781707321	0.004095705066	0.001983705869	-1.781707321	0.001815855154	0.001143580171	-1.781707321	-0.0007072336501	0.0006769428081	-1.781707321	0.0	0.0	-1.781707321	0.0006428238255	0.002292058833	-1.781707321	0.0009698717064	0.001414337234	-1.781707321	-0.003872557771	0.002156699221
-1.766666671			-1.766666671			-1.766666671	0.0	0.0	-1.766666671	-0.001088824484	0.0007556095961	-1.766666671	0.0001197274723	0.0008626912952	-1.766666671	-0.001084515394	0.0007524926919	-1.766666671	0.0	0.0	-1.766666671	0.0	0.0	-1.766666671	-0.001306232233	0.00190528013	-1.766666671	-0.003191858263	0.001452642479
-1.75162602			-1.75162602			-1.75162602	-0.004901886587	0.002392999583	-1.75162602	-0.001239388192	0.0008953015761	-1.75162602	0.001245369384	0.0007938016255	-1.75162602	-0.004549643377	0.001863898916	-1.75162602	0.007180465017	0.008518842408	-1.75162602	0.0	0.0	-1.75162602	0.0001169539347	0.0009182453689	-1.75162602	0.001794274251	0.00158812171
-1.73658537			-1.73658537			-1.73658537	-0.001195875313	0.00101712369	-1.73658537	-0.001085235911	0.0009124937226	-1.73658537	-0.0007323719497	0.0004677043774	-1.73658537	0.0	0.0	-1.73658537	0.0164821769	0.01270826858	-1.73658537	-0.001854475695	0.001184291494	-1.73658537	0.0	0.0	-1.73658537	0.001157792029	0.002292467567
-1.72154472			-1.72154472			-1.72154472	0.0	0.0	-1.72154472	0.004597673812	0.002069125583	-1.72154472	0.0005912429186	0.001055839452	-1.72154472	0.003417501067	0.002201868493	-1.72154472	0.0005007697238	0.003470652752	-1.72154472	-0.00161853938	0.001045996464	-1.72154472	-0.002002374548	0.001199365335	-1.72154472	-0.001200048915	0.000908058821
-1.706504069			-1.706504069			-1.706504069	0.005082943164	0.003227030659	-1.706504069	-1.500783952e-05	9.352538578e-05	-1.706504069	0.0007837582864	0.0007611906976	-1.706504069	0.001028932646	0.0008936093132	-1.706504069	-0.001662618044	0.001179937963	-1.706504069	-0.003578802862	0.001823655571	-1.706504069	0.0	0.0	-1.706504069	-0.0007410158169	0.0007638065528
-1.691463419			-1.691463419			-1.691463419	0.0	0.0	-1.691463419	0.000837904565	0.001735468548	-1.691463419	0.0008056744007	0.0009253324775	-1.691463419	0.005183542564	0.003331312303	-1.691463419	0.0	0.0	-1.691463419	0.001419085184	0.001193982618	-1.691463419	0.00356358586	0.002263174191	-1.691463419	-0.0008763564972	0.0006902074068
-1.676422768			-1.676422768			-1.676422768	-0.0018435577	0.002919868258	-1.676422768	0.0005259818258	0.0006120489155	-1.676422768	-0.0003325011305	0.0007256247082	-1.676422768	0.001779107374	0.001163082403	-1.676422768	-0.00196772407	0.001183505596	-1.676422768	0.0007505635916	0.001132023081	-1.676422768	0.001604111126	0.001515209669	-1.676422768	0.001234266645	0.001702824247
-1.661382118			-1.661382118			-1.661382118	-0.01079805071	0.006969804062	-1.661382118	-0.0001451588859	0.0008401630236	-1.661382118	-0.0001058627202	0.0002889509029	-1.661382118	0.002375013434	0.001511638732	-1.661382118	-0.002360768473	0.001291508901	-1.661382118	-0.003604140655	0.001676057054	-1.661382118	0.0	0.0	-1.661382118	-0.002007011872	0.001200384731
-1.646341468			-1.646341468			-1.646341468	0.00597881659	0.002751902577	-1.646341468	0.0005746672912	0.001439666429	-1.646341468	0.0	0.0	-1.646341468	0.001544063254	0.001408403809	-1.646341468	0.0	0.0	-1.646341468	-0.004977677731	0.001979080531	-1.646341468	-0.0006761419601	0.0007028972467	-1.646341468	-0.001291079666	0.0009466620286
-1.631300817			-1.631300817	0.0	0.0	-1.631300817	0.0	0.0	-1.631300817	-0.003558593301	0.001534857241	-1.631300817	0.0	0.0	-1.631300817	-0.00287372842	0.001310701964	-1.631300817	-0.003388825564	0.001550769169	-1.631300817	0.001168698418	0.002701331178	-1.631300817	0.0	0.0	-1.631300817	0.002395858834	0.001660891828
-1.616260167			-1.616260167	0.0	0.0	-1.616260167	0.0	0.0	-1.616260167	0.0005891707199	0.00145073347	-1.616260167	0.0006886809392	0.0009444187186	-1.616260167	0.003249227861	0.002067333903	-1.616260167	0.002633467169	0.001956863377	-1.616260167	-0.001673000615	0.001323368936	-1.616260167	-0.002879724779	0.0018820381	-1.616260167	0.0004466437542	0.0007156273891
-1.601219517			-1.601219517	0.0	0.0	-1.601219517	0.0	0.0	-1.601219517	0.001219037653	0.0007819098913	-1.601219517	-0.001427013265	0.001310634989	-1.601219517	-0.003810931551	0.001626844001	-1.601219517	-0.001914134166	0.001144265609	-1.601219517	-0.004023493271	0.001726918057	-1.601219517	-0.0004814529073	0.001596783955	-1.601219517	0.0	0.0
-1.586178866			-1.586178866	0.0	0.0	-1.586178866	0.0	0.0	-1.586178866	-0.0008135455034	0.0006632495799	-1.586178866	0.0004385340254	0.002025334683	-1.586178866	-0.00700440583	0.004162745244	-1.586178866	0.007495972921	0.004912594717	-1.586178866	-4.345237395e-05	0.0001660503562	-1.586178866	0.002250407421	0.001478793617	-1.586178866	0.003185871442	0.002784990672
-1.571138216			-1.571138216	0.0	0.0	-1.571138216	-0.006927038667	0.002948613672	-1.571138216	8.683107378e-05	0.001230639232	-1.571138216	0.000891537507	0.0007613015132	-1.571138216	0.0	0.0	-1.571138216	0.0	0.0	-1.571138216	0.002646477126	0.001703931927	-1.571138216	0.0	0.0	-1.571138216	0.004565590701	0.003860030562
-1.556097566			-1.556097566	0.0	0.0	-1.556097566	-0.002940635761	0.001442054053	-1.556097566	-0.002847466884	0.00119491811	-1.556097566	-0.0003037544721	0.0004029728407	-1.556097566	0.0	0.0	-1.556097566	0.001315534715	0.002507950543	-1.556097566	0.003138451743	0.001979491178	-1.556097566	-0.003856272291	0.001631960449	-1.556097566	0.003011587384	0.001986665021
-1.541056915			-1.541056915	0.0	0.0	-1.541056915	0.0	0.0	-1.541056915	-0.0005153978576	0.0003896752618	-1.541056915	-0.0003252353887	0.0003177441283	-1.541056915	0.002266053116	0.003030272279	-1.541056915	0.0	0.0	-1.541056915	-0.001925133258	0.001218513263	-1.541056915	0.002285862846	0.001666912099	-1.541056915	0.0	0.0
-1.526016265			-1.526016265	0.0	0.0	-1.526016265	0.0	0.0	-1.526016265	0.0	0.0	-1.526016265	-0.002784405109	0.001240563167	-1.526016265	0.002190355601	0.001403631516	-1.526016265	0.0	0.0	-1.526016265	-0.001595909898	0.001062025624	-1.526016265	0.0	0.0	-1.526016265	-0.001477446869	0.0009820205914
-1.510975615			-1.510975615	0.0	0.0	-1.510975615	0.0001028169162	0.003426049526	-1.510975615	0.0002802379967	0.001307597582	-1.510975615	-0.003512823289	0.00158410356	-1.510975615	0.0	0.0	-1.510975615	0.0	0.0	-1.510975615	0.003548866913	0.002552975424	-1.510975615	0.004785560392	0.002934705029	-1.510975615	0.001523880164	0.001392731515
-1.495934964			-1.495934964	0.0	0.0	-1.495934964	0.0	0.0	-1.495934964	-0.0007724511942	0.002277105039	-1.495934964	-0.0001076664152	0.0007226624589	-1.495934964	-0.00137614072	0.000888617332	-1.495934964	0.0	0.0	-1.495934964	0.002649391261	0.001769393863	-1.495934964	0.005659573646	0.002971857232	-1.495934964	0.004145537322	0.002245330631
-1.480894314			-1.480894314	0.0	0.0	-1.480894314	-0.0005809952132	0.0005412749424	-1.480894314	0.001169732685	0.001566417069	-1.480894314	0.004059671619	0.001774152952	-1.480894314	0.0	0.0	-1.480894314	0.0	0.0	-1.480894314	0.0001635585875	0.0004393613717	-1.480894314	0.0001113328432	0.0003947576906	-1.480894314	0.0002418840879	0.001985203425
-1.465853663			-1.465853663	0.0	0.0	-1.465853663	0.0006567328039	0.001188231016	-1.465853663	-0.000713366435	0.0008319891965	-1.465853663	0.0004362722005	0.0006615111524	-1.465853663	0.0	0.0	-1.465853663	0.002669364241	0.001717331377	-1.465853663	0.002570576222	0.003032946799	-1.465853663	-0.002385645602	0.001384724985	-1.465853663	-0.0002230329506	0.002041530291
-1.450813013			-1.450813013	0.0	0.0	-1.450813013	0.0	0.0	-1.450813013	-0.002487141262	0.0009943566964	-1.450813013	-0.001205985667	0.000751595131	-1.450813013	0.0	0.0	-1.450813013	-0.001754502686	0.001049455105	-1.450813013	0.0	0.0	-1.450813013	-0.001698059564	0.001056779655	-1.450813013	0.0	0.0
-1.435772363			-1.435772363	0.0	0.0	-1.435772363	0.0	0.0	-1.435772363	0.001957646361	0.001405195169	-1.435772363	0.002189304004	0.001410940726	-1.435772363	0.0005375704337	0.0007600549961	-1.435772363	0.0	0.0	-1.435772363	0.0	0.0	-1.435772363	0.003380589971	0.002533059338	-1.435772363	-0.005223115796	0.002331232701
-1.420731712			-1.420731712	0.0	0.0	-1.420731712	0.002598834574	0.001694202464	-1.420731712	0.0	0.0	-1.420731712	0.0	0.0	-1.420731712	0.002045804457	0.00148330734	-1.420731712	0.0	0.0	-1.420731712	0.0	0.0	-1.420731712	-0.001707899962	0.001149179468	-1.420731712	0.002849932194	0.002052163007
-1.405691062			-1.405691062	0.0	0.0	-1.405691062	0.0	0.0	-1.405691062	0.0004328185668	0.0004801213302	-1.405691062	-0.002340266724	0.001410725637	-1.405691062	-0.0006796066681	0.001933208971	-1.405691062	-0.002336198079	0.001405446673	-1.405691062	0.0010521715	0.001171209434	-1.405691062	0.0009000651801	0.001000177775	-1.405691062	0.001400339669	0.001574239742
-1.390650412			-1.390650412	0.0	0.0	-1.390650412	0.0	0.0	-1.390650412	-0.0005423140651	0.0009487654506	-1.390650412	0.001345905813	0.001313367565	-1.390650412	0.002615705212	0.002084700722	-1.390650412	-0.002529048489	0.001527142921	-1.390650412	0.002029699076	0.001626879221	-1.390650412	0.003105521833	0.002018128746	-1.390650412	0.004567888404	0.002747188473
-1.375609761			-1.375609761	0.0	0.0	-1.375609761	-0.001054217592	0.00105009032	-1.375609761	-0.0003671793686	0.001495372985	-1.375609761	0.0	0.0	-1.375609761	-0.002099002306	0.002506871324	-1.375609761	0.007392049677	0.004436972016	-1.375609761	0.001621932204	0.002541269079	-1.375609761	0.0001500195848	0.0004842595835	-1.375609761	0.000177573759	0.0005113791248
-1.360569111			-1.360569111	0.0	0.0	-1.360569111	-0.003286947653	0.001632402495	-1.360569111	-0.001549483467	0.0008427313466	-1.360569111	0.0	0.0	-1.360569111	-0.00199889667	0.001196436601	-1.360569111	-0.005912545684	0.002218253411	-1.360569111	-0.002015801532	0.001205083601	-1.360569111	0.001154105441	0.002412718185	-1.360569111	0.00268534398	0.001760935284
-1.345528461			-1.345528461	0.0	0.0	-1.345528461	0.00100205762	0.0008978879164	-1.345528461	0.002955360188	0.001823416505	-1.345528461	-0.00115971405	0.0006942203186	-1.345528461	0.002885834912	0.001863846459	-1.345528461	0.0	0.0	-1.345528461	0.0	0.0	-1.345528461	0.0	0.0	-1.345528461	0.0	0.0
-1.33048781			-1.33048781	0.0	0.0	-1.33048781	0.0	0.0	-1.33048781	0.0	0.0	-1.33048781	-0.0009998970783	0.001266355517	-1.33048781	0.0	0.0	-1.33048781	0.005368458226	0.003341757064	-1.33048781	0.00447506397	0.00246580115	-1.33048781	0.0006607456196	0.001234160529	-1.33048781	-0.001842437062	0.001097374096
-1.31544716			-1.31544716	-0.004140801517	0.002948345867	-1.31544716	-0.0001252448246	0.00041052009	-1.31544716	-0.000872668451	0.0006128124101	-1.31544716	0.002559695316	0.001881575072	-1.31544716	0.0008900612402	0.003092989365	-1.31544716	0.003168790998	0.002082596754	-1.31544716	0.0	0.0	-1.31544716	0.003052793934	0.002680723904	-1.31544716	-4.799617495e-05	0.0001861893827
-1.30040651			-1.30040651	-0.00140396391	0.001676948962	-1.30040651	0.0006977827156	0.0008600732277	-1.30040651	-0.0003056751841	0.0003628691844	-1.30040651	0.0008691819889	0.001045411193	-1.30040651	0.001202293494	0.001585955351	-1.30040651	0.0	0.0	-1.30040651	0.005683437648	0.002632337932	-1.30040651	0.002562200378	0.001657410798	-1.30040651	0.0009307605056	0.002431229247
-1.285365859			-1.285365859	0.007819129521	0.005286431843	-1.285365859	0.00496831163	0.002513917585	-1.285365859	0.003262681388	0.002055999136	-1.285365859	0.003356633716	0.001845856228	-1.285365859	0.0	0.0	-1.285365859	0.0	0.0	-1.285365859	-0.001770762133	0.0010605921	-1.285365859	0.002362045374	0.001648163982	-1.285365859	0.004647834202	0.003170016475
-1.270325209			-1.270325209	0.004287561519	0.003425218021	-1.270325209	0.003516573608	0.002318858459	-1.270325209	-0.001426864325	0.000779704335	-1.270325209	-0.001864316132	0.00208103618	-1.270325209	-0.005081579324	0.002160010111	-1.270325209	9.357545486e-05	0.002259323898	-1.270325209	0.002758666371	0.001792129569	-1.270325209	0.007234617223	0.003314650351	-1.270325209	0.002894211501	0.001798100868
-1.255284558			-1.255284558	0.0	0.0	-1.255284558	-0.0007033281515	0.0007023663805	-1.255284558	-0.001420218862	0.001861569397	-1.255284558	-0.003242039017	0.001377425073	-1.255284558	2.295204184e-05	0.0001728822421	-1.255284558	-0.002473366754	0.001483538973	-1.255284558	2.047206649e-05	0.0001544434959	-1.255284558	0.003696503779	0.002377940207	-1.255284558	0.0	0.0
-1.240243908			-1.240243908	0.0	0.0	-1.240243908	0.001520159977	0.001319977015	-1.240243908	0.0	0.0	-1.240243908	0.001114876003	0.001536565137	-1.240243908	0.01421166785	0.007781394029	-1.240243908	0.004606996222	0.003584257692	-1.240243908	0.003244855731	0.002654856141	-1.240243908	0.003069013012	0.002047085057	-1.240243908	0.0	0.0
-1.225203258			-1.225203258	0.0	0.0	-1.225203258	0.002661017556	0.001752486905	-1.225203258	0.001618528997	0.001463805907	-1.225203258	-0.0002701901793	0.0004337481822	-1.225203258	0.004599469146	0.006015286896	-1.225203258	-0.001599557628	0.003554902424	-1.225203258	-0.000943971765	0.001999867553	-1.225203258	0.001811043666	0.002225052977	-1.225203258	0.0	0.0
-1.210162607			-1.210162607	0.0	0.0	-1.210162607	0.0	0.0	-1.210162607	-0.0008643092679	0.0006931290526	-1.210162607	0.000223579021	0.001646204009	-1.210162607	0.0	0.0	-1.210162607	-0.002109116564	0.001368627775	-1.210162607	0.0	0.0	-1.210162607	0.0	0.0	-1.210162607	0.0	0.0
-1.195121957			-1.195121957	-0.004608000809	0.002449537255	-1.195121957	0.002114117383	0.001393360214	-1.195121957	0.003305218469	0.002169547634	-1.195121957	0.002941244741	0.002865286673	-1.195121957	-0.005140232617	0.002557141236	-1.195121957	0.0	0.0	-1.195121957	0.0008327206314	0.001053307697	-1.195121957	0.0	0.0	-1.195121957	-0.001978627435	0.001183621286
-1.180081307			-1.180081307	-0.002413242165	0.001701623761	-1.180081307	-0.001064792154	0.0006947791662	-1.180081307	0.003289774042	0.002348978853	-1.180081307	0.0	0.0	-1.180081307	-0.001128038934	0.002584659793	-1.180081307	-0.002068634686	0.001370102208	-1.180081307	0.002197734143	0.001707739287	-1.180081307	0.0	0.0	-1.180081307	0.002643498854	0.001743673338
-1.165040656			-1.165040656	0.0	0.0	-1.165040656	-0.0002037393972	0.0003052205804	-1.165040656	0.003603305568	0.001858299182	-1.165040656	-0.005389167624	0.002662552741	-1.165040656	-1.926149306e-05	0.0001337946506	-1.165040656	-0.0003822107896	0.000588416331	-1.165040656	-0.001804029172	0.001221680274	-1.165040656	0.002362426796	0.003494414456	-1.165040656	0.007238417082	0.003410601664
-1.150000006			-1.150000006	0.004492009594	0.002933474116	-1.150000006	0.0001751589113	0.0004067215445	-1.150000006	0.002052250146	0.001720196244	-1.150000006	0.003760438091	0.002796774589	-1.150000006	0.0	0.0	-1.150000006	0.0	0.0	-1.150000006	0.007517239814	0.003526306157	-1.150000006	0.0	0.0	-1.150000006	0.0	0.0
-1.134959356			-1.134959356	0.0	0.0	-1.134959356	5.737106331e-06	7.378320125e-05	-1.134959356	0.003704218064	0.002015435131	-1.134959356	-0.001186692457	0.001125512237	-1.134959356	-0.002009287227	0.004049943836	-1.134959356	0.001695610496	0.001627110803	-1.134959356	0.003245690725	0.003170507499	-1.134959356	0.002507336256	0.00164299923	-1.134959356	0.0	0.0
-1.119918705	0.0	0.0	-1.119918705	0.0003768264657	0.00076049231	-1.119918705	-0.0001316144889	0.0003244833567	-1.119918705	0.002062473483	0.001929539022	-1.119918705	0.0	0.0	-1.119918705	-0.001331174597	0.00111457823	-1.119918705	-0.0001047804481	0.0003099474442	-1.119918705	-0.003868354008	0.001939219495	-1.119918705	0.0	0.0	-1.119918705	0.002950996197	0.003345989818
-1.104878055	0.0	0.0	-1.104878055	0.0009612785241	0.002694036107	-1.104878055	-0.001146093481	0.0008985636254	-1.104878055	0.0	0.0	-1.104878055	0.0	0.0	-1.104878055	-0.003870185503	0.001858253295	-1.104878055	0.0	0.0	-1.104878055	0.003701314507	0.002399311607	-1.104878055	0.0	0.0	-1.104878055	0.001224617673	0.001962668192
-1.089837405	0.0	0.0	-1.089837405	-0.002652203822	0.001795922326	-1.089837405	0.001813456012	0.001731168755	-1.089837405	-0.001456358236	0.0008089496841	-1.089837405	0.0006197122123	0.0009710497389	-1.089837405	0.0006820507654	0.001952341948	-1.089837405	0.003192584492	0.002540085826	-1.089837405	-0.002141242873	0.001288848239	-1.089837405	-0.004230256256	0.001796550717	-1.089837405	-0.0006535527298	0.0006884227028
-1.074796754	0.0	0.0	-1.074796754	-0.003505400668	0.002100159174	-1.074796754	-0.0009744035117	0.0006523294496	-1.074796754	-0.001848536505	0.0008393414456	-1.074796754	0.005848941686	0.002969845452	-1.074796754	0.004311833457	0.002798447401	-1.074796754	-0.00158123009	0.001057936197	-1.074796754	0.0	0.0	-1.074796754	-0.002167801668	0.001307432002	-1.074796754	-0.002040934425	0.001228226382
-1.059756104	0.0	0.0	-1.059756104	-0.00123043392	0.001206463559	-1.059756104	-0.0006375788821	0.0005107200151	-1.059756104	0.0	0.0	-1.059756104	0.0	0.0	-1.059756104	-0.0041620223	0.001768998772	-1.059756104	-0.0003782804073	0.0005172818152	-1.059756104	0.0	0.0	-1.059756104	-6.577307321e-05	0.001987805832	-1.059756104	0.003639582272	0.002060799522
-1.044715453	0.0	0.0	-1.044715453	-0.002587807522	0.001657304199	-1.044715453	0.00124202342	0.002191534479	-1.044715453	7.734079529e-05	0.0003342546899	-1.044715453	3.634982602e-06	7.305142887e-05	-1.044715453	0.006385962747	0.00298993984	-1.044715453	0.0	0.0	-1.044715453	0.003988364441	0.002602637057	-1.044715453	-0.005011873268	0.002269384763	-1.044715453	-0.003994374528	0.001697481435
-1.029674803	0.0	0.0	-1.029674803	-0.001272384562	0.001005340022	-1.029674803	0.005702867165	0.003392649841	-1.029674803	0.002754490338	0.002104647588	-1.029674803	0.003296579935	0.002134596831	-1.029674803	0.0	0.0	-1.029674803	0.0	0.0	-1.029674803	0.0	0.0	-1.029674803	0.001655416131	0.001766618022	-1.029674803	0.001670494116	0.001740510801
-1.014634153	0.0	0.0	-1.014634153	0.0	0.0	-1.014634153	0.001161722989	0.001411415096	-1.014634153	-0.001094466352	0.001460548352	-1.014634153	-0.002513491113	0.001313107117	-1.014634153	0.0	0.0	-1.014634153	0.0	0.0	-1.014634153	-0.000192000273	0.0004321747099	-1.014634153	0.005487255708	0.00292374473	-1.014634153	0.0	0.0
-0.9995935024	0.0	0.0	-0.9995935024	0.0	0.0	-0.9995935024	0.005062400361	0.00282955767	-0.9995935024	0.00510872882	0.002852236465	-0.9995935024	0.0	0.0	-0.9995935024	0.0	0.0	-0.9995935024	-0.0005746521617	0.00335992244	-0.9995935024	0.0015607724	0.003025278699	-0.9995935024	-0.0013355541	0.001006753014	-0.9995935024	0.001756115679	0.001430882836
-0.984552852	0.0	0.0	-0.984552852	0.0	0.0	-0.984552852	0.0007516246988	0.001913385298	-0.984552852	-0.0004626771492	0.0004341324746	-0.984552852	0.0	0.0	-0.984552852	0.0	0.0	-0.984552852	0.005084990417	0.003718833804	-0.984552852	-0.004508092453	0.001927561959	-0.984552852	-0.002148546435	0.001268616942	-0.984552852	-0.003274896188	0.00161556053
-0.9695122017	0.0	0.0	-0.9695122017	0.001706275239	0.001287546331	-0.9695122017	-0.001934544118	0.0009324252496	-0.9695122017	0.002373183345	0.002534807867	-0.9695122017	-0.003462734465	0.002097469942	-0.9695122017	0.01280384721	0.005383236016	-0.9695122017	0.001274157851	0.002538795393	-0.9695122017	-0.002677684511	0.001638103708	-0.9695122017	-0.002390386288	0.001455055622	-0.9695122017	0.0007416955228	0.002044925155
-0.9544715513	0.0	0.0	-0.9544715513	-0.003932666021	0.002765643102	-0.9544715513	-0.001487801681	0.000865052467	-0.9544715513	-0.003502689055	0.001632890006	-0.9544715513	0.0	0.0	-0.9544715513	-0.001895301309	0.002439642576	-0.9544715513	-0.001580224329	0.001208125553	-0.9544715513	-0.004171075101	0.001777267177	-0.9544715513	0.0	0.0	-0.9544715513	0.002406038358	0.002263400127
-0.9394309009	-0.003402835813	0.005272967439	-0.9394309009	-0.005893735381	0.004067630414	-0.9394309009	0.0	0.0	-0.9394309009	0.0009771580415	0.001615523231	-0.9394309009	0.0	0.0	-0.9394309009	0.0	0.0	-0.9394309009	0.0	0.0	-0.9394309009	0.007234842757	0.004153256594	-0.9394309009	0.001080608727	0.001155433882	-0.9394309009	0.005169557296	0.003782020071
-0.9243902506	-0.0003560214275	0.001635753907	-0.9243902506	-0.006216999778	0.003046567767	-0.9243902506	-0.0004765890451	0.001327576605	-0.9243902506	0.003092930089	0.001854862272	-0.9243902506	-0.006481176871	0.002670147217	-0.9243902506	0.0	0.0	-0.9243902506	0.0	0.0	-0.9243902506	-0.002698327702	0.0016473861	-0.9243902506	0.000547386	0.002453381799	-0.9243902506	0.005097922824	0.003310934324
-0.9093496002	0.0	0.0	-0.9093496002	-0.0009148780233	0.0007602691429	-0.9093496002	0.003259227282	0.001540270727	-0.9093496002	0.0009631154714	0.001071469655	-0.9093496002	-0.004790783377	0.002337018953	-0.9093496002	0.0	0.0	-0.9093496002	3.596843853e-05	0.0006647157017	-0.9093496002	-0.002251241907	0.001325760672	-0.9093496002	-0.002330823184	0.001411198562	-0.9093496002	0.0	0.0
-0.8943089499	0.0	0.0	-0.8943089499	0.0	0.0	-0.8943089499	-0.000692977866	0.0005404926552	-0.8943089499	-0.003060051828	0.001916449509	-0.8943089499	-0.0006532560902	0.0008966018081	-0.8943089499	-0.005448826436	0.003773943815	-0.8943089499	0.004205041704	0.003958460207	-0.8943089499	0.001671028642	0.003072490925	-0.8943089499	-0.003369240429	0.001613125913	-0.8943089499	-0.00674280003	0.004137963743
-0.8792682995	0.0	0.0	-0.8792682995	0.00329305294	0.002330344803	-0.8792682995	0.0001993249145	0.001768832999	-0.8792682995	-0.002993422383	0.001362754553	-0.8792682995	-0.00165701033	0.002399858587	-0.8792682995	0.002480197054	0.002200798907	-0.8792682995	0.0	0.0	-0.8792682995	0.0	0.0	-0.8792682995	-0.0009391637089	0.0009038713058	-0.8792682995	0.0	0.0
-0.8642276492	0.0	0.0	-0.8642276492	0.0	0.0	-0.8642276492	-0.005614487382	0.001895982248	-0.8642276492	0.002817211332	0.002713953405	-0.8642276492	-0.009940124689	0.005435724958	-0.8642276492	0.003398705318	0.002672438578	-0.8642276492	-0.002272496479	0.001407914295	-0.8642276492	0.005289130627	0.002695944791	-0.8642276492	0.003611349039	0.002485825882	-0.8642276492	0.0009194952446	0.002168084446
-0.8491869988	0.0	0.0	-0.8491869988	-0.005255861238	0.002619445935	-0.8491869988	0.002882857963	0.002122829945	-0.8491869988	-0.008136760633	0.002832935472	-0.8491869988	-0.000710096366	0.0008457725296	-0.8491869988	-0.000718289682	0.0008738713283	-0.8491869988	-0.002099661494	0.001466555799	-0.8491869988	0.003919106415	0.002344336762	-0.8491869988	-0.0007907611388	0.0008774299817	-0.8491869988	-0.002613387607	0.001404955912
-0.8341463484	0.0	0.0	-0.8341463484	0.004656280562	0.003302587222	-0.8341463484	-0.001027213984	0.0006846368237	-0.8341463484	0.001982323799	0.001435734015	-0.8341463484	0.003405142099	0.004077987641	-0.8341463484	0.00458596226	0.003309706179	-0.8341463484	0.003808758168	0.002623029466	-0.8341463484	-0.0008123761279	0.003574185404	-0.8341463484	0.009745132253	0.004085095404	-0.8341463484	0.0003901180213	0.002513019771
-0.8191056981	0.0	0.0	-0.8191056981	0.003244084649	0.003275996287	-0.8191056981	-0.004615306526	0.001624938929	-0.8191056981	-0.002787688194	0.001677482639	-0.8191056981	-0.0007146798828	0.00145935938	-0.8191056981	0.001871926539	0.004225708788	-0.8191056981	-0.001152858776	0.0009928962092	-0.8191056981	0.003005792537	0.003239584973	-0.8191056981	-0.001366816665	0.003716148546	-0.8191056981	0.003462798806	0.003034870458
-0.8040650477	0.0	0.0	-0.8040650477	0.0002105754237	0.004401011517	-0.8040650477	-0.0002735275501	0.003037396431	-0.8040650477	-0.00491014456	0.001812127169	-0.8040650477	-0.003466420495	0.002262135462	-0.8040650477	0.005282297207	0.004162256153	-0.8040650477	-0.0003262252517	0.0006583560634	-0.8040650477	0.003080918704	0.003498948987	-0.8040650477	-0.0004474517474	0.002815479149	-0.8040650477	0.0	0.0
-0.7890243974	0.0	0.0	-0.7890243974	-0.001473285344	0.001101827308	-0.7890243974	0.000516439559	0.002015602147	-0.7890243974	-0.003628158987	0.002363532614	-0.7890243974	-0.001525387701	0.003561858572	-0.7890243974	0.001214801226	0.00164888841	-0.7890243974	0.008129869306	0.004184868046	-0.7890243974	0.0142242029	0.004918090697	-0.7890243974	0.002581753256	0.002205264668	-0.7890243974	0.002475233744	0.003232615137
-0.773983747	0.0	0.0	-0.773983747	0.000671919448	0.001046804656	-0.773983747	0.001520074327	0.002049480808	-0.773983747	-0.00145470353	0.002001640689	-0.773983747	-0.001758966116	0.001274248383	-0.773983747	0.0	0.0	-0.773983747	0.0	0.0	-0.773983747	0.004442434328	0.00312706037	-0.773983747	-0.001033217513	0.002506666057	-0.773983747	-0.00170347168	0.001677152492
-0.7589430967	0.0	0.0	-0.7589430967	-0.002341120309	0.001195425163	-0.7589430967	-0.003790615378	0.001650287045	-0.7589430967	0.006065721116	0.002943937699	-0.7589430967	0.0	0.0	-0.7589430967	0.004275752642	0.002961987582	-0.7589430967	0.005172541164	0.004094831869	-0.7589430967	-0.001880944643	0.001373000321	-0.7589430967	0.0	0.0	-0.7589430967	0.006254322719	0.003189272222
-0.7439024463	0.0	0.0	-0.7439024463	0.001309762147	0.003841163662	-0.7439024463	-0.002170956453	0.001197140372	-0.7439024463	0.003046401269	0.002023183657	-0.7439024463	-0.002816314947	0.001713481141	-0.7439024463	-0.0007339676399	0.00331348314	-0.7439024463	-0.002806517831	0.002738305689	-0.7439024463	0.00696347096	0.003798969712	-0.7439024463	0.0	0.0	-0.7439024463	-0.002269028378	0.001375086655
-0.7288617959	6.351658614e-06	0.0001363304378	-0.7288617959	0.005201859039	0.003256029245	-0.7288617959	0.004617623674	0.00212843199	-0.7288617959	-0.001546125637	0.001315414757	-0.7288617959	-0.004196587306	0.002766622565	-0.7288617959	0.001982185091	0.00316814261	-0.7288617959	-0.003497206138	0.002163759193	-0.7288617959	-0.002101123699	0.003855967504	-0.7288617959	0.003193069837	0.002178307099	-0.7288617959	-0.002797422138	0.001730457447
-0.7138211456	-0.006441372054	0.003976866472	-0.7138211456	-0.002708725829	0.002680848431	-0.7138211456	0.002922935862	0.002701709721	-0.7138211456	0.002466309859	0.002019968822	-0.7138211456	0.005000704355	0.003269480459	-0.7138211456	0.003228642825	0.00423015485	-0.7138211456	0.0001703642756	0.003253886806	-0.7138211456	0.001496824559	0.00173953361	-0.7138211456	0.006402700569	0.003292783227	-0.7138211456	0.0	0.0
-0.6987804952	0.0	0.0	-0.6987804952	0.001828195085	0.001593896295	-0.6987804952	-0.001516408151	0.000937407425	-0.6987804952	0.003779642228	0.002719728827	-0.6987804952	0.0	0.0	-0.6987804952	-0.002586173917	0.001571681116	-0.6987804952	0.0	0.0	-0.6987804952	-0.005140006733	0.002222492721	-0.6987804952	0.0003183014305	0.002645928762	-0.6987804952	0.0001678505475	0.002467638781
-0.6837398449	0.0	0.0	-0.6837398449	-0.0002106949594	0.0003414718864	-0.6837398449	0.005501566232	0.003631009591	-0.6837398449	-0.00303184648	0.002277444404	-0.6837398449	0.0007283255519	0.003095001471	-0.6837398449	0.0	0.0	-0.6837398449	0.0002092525502	0.0006752968225	-0.6837398449	0.006927224643	0.003735864702	-0.6837398449	-0.00309639265	0.002952644584	-0.6837398449	7.878282775e-05	0.00032035412
-0.6686991945	0.01597855728	0.01921887717	-0.6686991945	-9.360062774e-05	0.000281552923	-0.6686991945	-0.0003060902243	0.0004692274556	-0.6686991945	-0.003510651975	0.001795844065	-0.6686991945	0.004553737995	0.003181261648	-0.6686991945	0.0008876581043	0.003274457477	-0.6686991945	-0.002111682085	0.002230805055	-0.6686991945	0.000800793214	0.003102559543	-0.6686991945	0.005531500057	0.003423575142	-0.6686991945	-0.001274023387	0.003064169502
-0.6536585441	0.0002225963962	0.0007264478769	-0.6536585441	0.00508528124	0.003657979357	-0.6536585441	0.001507980685	0.003691970576	-0.6536585441	0.01504145187	0.005942088946	-0.6536585441	0.0	0.0	-0.6536585441	0.004217262875	0.002859396253	-0.6536585441	-0.0005646097889	0.00406795677	-0.6536585441	0.0	0.0	-0.6536585441	0.003592435301	0.002478424476	-0.6536585441	-0.0007970402233	0.003002033017
-0.6386178938	0.0	0.0	-0.6386178938	0.001023558176	0.001270347174	-0.6386178938	0.002432941117	0.002047989971	-0.6386178938	-0.003592207426	0.001998732307	-0.6386178938	0.012197626	0.005196135648	-0.6386178938	-0.001256276596	0.003205743434	-0.6386178938	0.001123132775	0.004707040368	-0.6386178938	-0.001795826721	0.002405006615	-0.6386178938	0.0	0.0	-0.6386178938	-0.006788981179	0.002997212006
-0.6235772434	-0.001478936494	0.001472193116	-0.6235772434	0.001869596424	0.003035478593	-0.6235772434	0.003179408395	0.00276875474	-0.6235772434	-0.003701147387	0.001810948107	-0.6235772434	0.000816296709	0.003398466101	-0.6235772434	0.0	0.0	-0.6235772434	-0.007915464272	0.003018286645	-0.6235772434	-0.001306193497	0.00358329201	-0.6235772434	0.007092014733	0.003731484473	-0.6235772434	-0.00147357358	0.003210005265
-0.6085365931	0.0	0.0	-0.6085365931	0.0116652671	0.00457754927	-0.6085365931	-0.00383014396	0.002077914682	-0.6085365931	-0.001117699074	0.002328851632	-0.6085365931	-0.004537831563	0.00237370585	-0.6085365931	-0.003514634313	0.002163468515	-0.6085365931	-0.001239778769	0.00122619948	-0.6085365931	-0.003116978152	0.002022491228	-0.6085365931	0.01084775556	0.004834873282	-0.6085365931	0.005416722681	0.003158499654
-0.5934959427	0.0	0.0	-0.5934959427	0.003981898451	0.002224204247	-0.5934959427	-0.003391863016	0.002237861464	-0.5934959427	0.007894609361	0.00481514307	-0.5934959427	0.002350302866	0.003214216695	-0.5934959427	0.0	0.0	-0.5934959427	0.0009906612395	0.002749320694	-0.5934959427	-0.005050892296	0.002145765902	-0.5934959427	0.006376305205	0.007306299873	-0.5934959427	-0.00126270876	0.002797344457
-0.5784552924	0.0	0.0	-0.5784552924	-0.00386841748	0.002565701005	-0.5784552924	0.004935255798	0.003217279805	-0.5784552924	-0.006022250537	0.003034100455	-0.5784552924	0.003670027539	0.003727934175	-0.5784552924	0.002852862486	0.002368470178	-0.5784552924	0.004235222672	0.003869559955	-0.5784552924	-0.00257464581	0.004566416907	-0.5784552924	0.00140478908	0.003113116091	-0.5784552924	-0.003219701843	0.003227424159
-0.563414642	0.02011357195	0.01366111916	-0.563414642	0.003883440448	0.003758047129	-0.563414642	-0.0002461648512	0.00215617944	-0.563414642	-0.000636709697	0.001647765952	-0.563414642	-0.002817502798	0.001719721467	-0.563414642	0.0	0.0	-0.563414642	0.006847951856	0.004926124952	-0.563414642	-0.01137216037	0.004928461079	-0.563414642	0.003881229761	0.003754545322	-0.563414642	0.002849382493	0.002095549363
-0.5483739916	0.0002616283864	0.0006086147886	-0.5483739916	0.001112400091	0.003607322761	-0.5483739916	0.008075425386	0.004240969423	-0.5483739916	0.0	0.0	-0.5483739916	0.002927033599	0.00254176985	-0.5483739916	-0.0003787379504	0.003294385094	-0.5483739916	0.009307593287	0.005473406962	-0.5483739916	0.004397682542	0.004046002541	-0.5483739916	-0.005578560485	0.002432136705	-0.5483739916	-0.002043574313	0.001306291743
-0.5333333413	0.02090058232	0.01591514511	-0.5333333413	0.01277317828	0.004362740485	-0.5333333413	0.008989118719	0.00376397944	-0.5333333413	0.0006423284537	0.0009889433507	-0.5333333413	0.006028007037	0.003584396797	-0.5333333413	-0.009094015471	0.004243983367	-0.5333333413	0.0001653399503	0.004286924354	-0.5333333413	0.005161785239	0.003087983035	-0.5333333413	0.004342492908	0.00339453164	-0.5333333413	-0.002432024964	0.001513023262
-0.5182926909	-0.001092643297	0.01117684541	-0.5182926909	0.003654662178	0.00290760101	-0.5182926909	0.004041371013	0.003152094697	-0.5182926909	0.005783633325	0.003017752246	-0.5182926909	0.0	0.0	-0.5182926909	0.004528025619	0.003706612319	-0.5182926909	0.006758953752	0.004402754918	-0.5182926909	-0.002153545835	0.001495342399	-0.5182926909	-0.003920654782	0.00193578183	-0.5182926909	-1.681451271e-05	0.002771111465
-0.5032520406	-0.0001609056471	0.005868400902	-0.5032520406	0.001979810526	0.001604035301	-0.5032520406	0.0007057157398	0.003077559149	-0.5032520406	0.001087912637	0.003550340014	-0.5032520406	0.0	0.0	-0.5032520406	-0.003464997114	0.002139560056	-0.5032520406	-0.0008929732652	0.003015912261	-0.5032520406	0.00411920861	0.002992172473	-0.5032520406	0.0008635019558	0.003042587158	-0.5032520406	-2.200618324e-05	0.0001385822518
-0.4882113902	-0.0204003025	0.009704430908	-0.4882113902	0.006995980853	0.005175900108	-0.4882113902	0.00515720058	0.004236297364	-0.4882113902	-0.001614362517	0.003051517444	-0.4882113902	0.004620279278	0.003226970025	-0.4882113902	-0.002823397063	0.00171984506	-0.4882113902	0.004035399246	0.003113877928	-0.4882113902	0.002065878239	0.004044362421	-0.4882113902	-0.009400962157	0.003259808024	-0.4882113902	0.005648369764	0.003870963194
-0.4731707398	-0.008333583222	0.004920642159	-0.4731707398	0.001642109217	0.002227648445	-0.4731707398	-0.00539971051	0.002556291445	-0.4731707398	0.01693336009	0.008692554219	-0.4731707398	-0.001558438249	0.001414874464	-0.4731707398	0.003979114923	0.002777425471	-0.4731707398	-0.002513851188	0.001543515505	-0.4731707398	0.01132616931	0.005144443849	-0.4731707398	0.004225379765	0.003864458897	-0.4731707398	0.01408293366	0.007356745109
-0.4581300895	0.001710237042	0.001643344559	-0.4581300895	-0.001538992295	0.002150924115	-0.4581300895	0.003253716489	0.003190169832	-0.4581300895	0.00529488692	0.003715214497	-0.4581300895	0.003000319373	0.003947257054	-0.4581300895	0.0	0.0	-0.4581300895	0.003768890648	0.002637034807	-0.4581300895	-0.002894802551	0.003385984645	-0.4581300895	-0.001125607643	0.003194300435	-0.4581300895	0.004839560459	0.007538751899
-0.4430894391	-0.002381363621	0.001869014537	-0.4430894391	0.008028227769	0.004026641071	-0.4430894391	0.004163049448	0.002349513757	-0.4430894391	-0.002926734119	0.001797791302	-0.4430894391	-0.00207783566	0.006666457092	-0.4430894391	-0.006681225635	0.002982826682	-0.4430894391	-0.001616571253	0.001283842631	-0.4430894391	0.0	0.0	-0.4430894391	0.009027152917	0.006104584441	-0.4430894391	0.000155931521	0.0004900998191
-0.4280487888	-0.002209964076	0.001796601501	-0.4280487888	0.003084481669	0.004559157548	-0.4280487888	0.005433098626	0.004085944703	-0.4280487888	-0.005880723077	0.002575409745	-0.4280487888	0.005811855401	0.004287460981	-0.4280487888	-0.009396399473	0.004841845585	-0.4280487888	-0.001054182075	0.001034982616	-0.4280487888	-0.004381377358	0.002545032554	-0.4280487888	0.002667385074	0.002712435806	-0.4280487888	-0.001924120046	0.001346364812
-0.4130081384	-0.0004757314461	0.004692364613	-0.4130081384	-0.004644377997	0.003283893877	-0.4130081384	-0.005205218753	0.001932736913	-0.4130081384	-0.001531221589	0.001164106606	-0.4130081384	0.0006272501167	0.001172715281	-0.4130081384	0.003554712918	0.004161753039	-0.4130081384	-0.002369118457	0.004751557932	-0.4130081384	0.00360511694	0.004554744714	-0.4130081384	0.01119828838	0.00513751459	-0.4130081384	0.006203561218	0.005115869515
-0.3979674881	-0.002381932949	0.007084596755	-0.3979674881	-0.0003833444811	0.002127973993	-0.3979674881	0.0	0.0	-0.3979674881	0.002271882113	0.002906110487	-0.3979674881	-0.002118755363	0.001711289627	-0.3979674881	0.001987034747	0.005764627159	-0.3979674881	-0.002245667781	0.003983931276	-0.3979674881	0.005199214899	0.003579069813	-0.3979674881	0.007072578459	0.004166725654	-0.3979674881	-0.002675846612	0.004182234468
-0.3829268377	0.01630555572	0.009889268914	-0.3829268377	0.005639980172	0.003155920259	-0.3829268377	0.000123198313	0.003411086407	-0.3829268377	0.002039514335	0.004818366903	-0.3829268377	0.0	0.0	-0.3829268377	-0.0005135400043	0.0007660899913	-0.3829268377	0.002115796766	0.004144105322	-0.3829268377	-0.001114909247	0.003804251538	-0.3829268377	-0.008198989887	0.004023178401	-0.3829268377	0.003511714232	0.002466876268
-0.3678861873	0.0	0.0	-0.3678861873	-0.0002762297289	0.002789720725	-0.3678861873	0.01678721021	0.005471647496	-0.3678861873	0.008646877145	0.009916621471	-0.3678861873	0.008589594485	0.006279661943	-0.3678861873	0.002675154208	0.004377481745	-0.3678861873	0.0	0.0	-0.3678861873	0.001255119354	0.003824027134	-0.3678861873	-0.006101356593	0.002863915796	-0.3678861873	0.00309831042	0.002269948758
-0.352845537	3.822592707e-05	0.0004259893629	-0.352845537	-0.004722311576	0.001695308233	-0.352845537	-0.003113818864	0.001592632341	-0.352845537	-2.273082197e-06	5.560162955e-05	-0.352845537	-0.004766268971	0.003220659993	-0.352845537	0.006357980706	0.003943083939	-0.352845537	0.0	0.0	-0.352845537	0.005853082812	0.004147388976	-0.352845537	0.0006207299971	0.004585573418	-0.352845537	1.094147266e-05	0.004649663165
-0.3378048866	0.02340754317	0.009751453669	-0.3378048866	0.001075902925	0.003373502165	-0.3378048866	0.009475767638	0.005894991242	-0.3378048866	-0.003739916647	0.002148200264	-0.3378048866	0.008811887743	0.00631552736	-0.3378048866	-0.008078440696	0.003635739558	-0.3378048866	-0.001493231882	0.001225423609	-0.3378048866	-0.002527117133	0.006368685472	-0.3378048866	0.0001007238517	0.0004135668343	-0.3378048866	-0.002062482577	0.003052391325
-0.3227642363	0.01135886873	0.006459349026	-0.3227642363	0.002306781895	0.003663339639	-0.3227642363	0.009473371361	0.00480089531	-0.3227642363	0.01254608137	0.006728076394	-0.3227642363	0.005831347689	0.004735890721	-0.3227642363	-4.978242614e-06	8.440692802e-05	-0.3227642363	-0.002527009429	0.004799421231	-0.3227642363	0.005805461693	0.003619960263	-0.3227642363	0.00255566721	0.00398745344	-0.3227642363	0.005242938968	0.005114337485
-0.3077235859	-0.006008089667	0.00289748957	-0.3077235859	-0.006596092837	0.002903060544	-0.3077235859	0.012625419	0.005650300456	-0.3077235859	0.003046056366	0.004222096784	-0.3077235859	-0.002948988839	0.003936806215	-0.3077235859	-0.000721494176	0.002201405014	-0.3077235859	0.006018001793	0.003711553311	-0.3077235859	0.01054751191	0.006170415682	-0.3077235859	0.0	0.0	-0.3077235859	-0.003729253925	0.001920244497
-0.2926829356	0.006972024905	0.00495506448	-0.2926829356	0.0008126613302	0.001476506508	-0.2926829356	-0.001494415746	0.003553601045	-0.2926829356	0.004705877428	0.005320585001	-0.2926829356	-0.006563133294	0.002879776347	-0.2926829356	0.006979587386	0.004957190157	-0.2926829356	0.002569280929	0.002416132501	-0.2926829356	0.007915825138	0.004153225066	-0.2926829356	-0.002156034004	0.004543174183	-0.2926829356	-0.001492651178	0.00123735564
-0.2776422852	0.01301737015	0.006235087513	-0.2776422852	0.0005977984062	0.003529783626	-0.2776422852	-0.006232673687	0.002384439911	-0.2776422852	-0.0003976274779	0.005534755692	-0.2776422852	-0.007493791194	0.004090151629	-0.2776422852	0.01077031369	0.007150263645	-0.2776422852	-0.002601244754	0.001789768608	-0.2776422852	0.003243768461	0.003939990205	-0.2776422852	-0.004399346069	0.00221036207	-0.2776422852	-0.008724348726	0.00293833078
-0.2626016348	0.001996463715	0.003641056431	-0.2626016348	-0.004406829327	0.003604036152	-0.2626016348	0.005666406508	0.005147379164	-0.2626016348	-0.01405513962	0.0144183185	-0.2626016348	-0.01606569902	0.01711834161	-0.2626016348	0.00485703715	0.003599584615	-0.2626016348	-0.00348770435	0.007343122843	-0.2626016348	-0.002790946147	0.001767172207	-0.2626016348	-0.009975422793	0.003351845563	-0.2626016348	0.0020617241	0.004416952474
-0.2475609845	-0.001022361365	0.0009407742808	-0.2475609845	-0.0003842800897	0.003312764332	-0.2475609845	-0.004643203704	0.003796570778	-0.2475609845	-0.001805757456	0.006247250838	-0.2475609845	-0.000489125892	0.0008684971492	-0.2475609845	0.01100605513	0.005369952769	-0.2475609845	-0.003690471332	0.002360645481	-0.2475609845	-0.001494891062	0.005922153183	-0.2475609845	0.002894855996	0.003764762421	-0.2475609845	-0.002386412957	0.001508274085
-0.2325203341	3.594539582e-05	0.005869940425	-0.2325203341	0.02072483593	0.00714827318	-0.2325203341	-0.004667015687	0.004019301721	-0.2325203341	-0.005386966071	0.002738354878	-0.2325203341	0.01680338793	0.00725713821	-0.2325203341	0.00112006847	0.005285419223	-0.2325203341	-0.003650661705	0.002311493702	-0.2325203341	0.00296547625	0.003629622872	-0.2325203341	-0.003661498312	0.004558553454	-0.2325203341	0.007282722357	0.007077761137
-0.2174796838	0.001866460678	0.007395626946	-0.2174796838	0.001464542962	0.002648958797	-0.2174796838	-0.002394113532	0.001487382357	-0.2174796838	-0.001675627701	0.001565867892	-0.2174796838	0.003023950496	0.003128950058	-0.2174796838	-0.006995035881	0.003679784991	-0.2174796838	0.005192624217	0.006340401466	-0.2174796838	-0.001621355816	0.001348886632	-0.2174796838	-0.01094095989	0.003595524408	-0.2174796838	-0.001607811161	0.003880144008
-0.2024390334	0.003913767775	0.003023567113	-0.2024390334	0.004799755684	0.003427062059	-0.2024390334	-0.0004311433581	0.004052311241	-0.2024390334	0.004726415878	0.004103084041	-0.2024390334	0.003138943084	0.00604109088	-0.2024390334	-0.0007360485149	0.005314170239	-0.2024390334	0.0	0.0	-0.2024390334	-0.000706087201	0.004818129193	-0.2024390334	0.0003557714015	0.004277593456	-0.2024390334	-0.0008768233027	0.005526042817
-0.187398383	-0.007340877805	0.003815929144	-0.187398383	-0.002539034534	0.003453970152	-0.187398383	0.004238702062	0.00493985891	-0.187398383	-0.003894850401	0.007523324793	-0.187398383	0.003659699493	0.007130715902	-0.187398383	0.0006813809405	0.002479669229	-0.187398383	0.001676283017	0.003787652598	-0.187398383	0.01194631683	0.005769574042	-0.187398383	0.004802946996	0.00397980346	-0.187398383	0.0008107735981	0.004951906043
-0.1723577327	0.003116364289	0.0046841312	-0.1723577327	0.002306401134	0.004281297148	-0.1723577327	0.001396690917	0.004377799365	-0.1723577327	0.01203441142	0.006535294957	-0.1723577327	0.006399331382	0.00629619572	-0.1723577327	-0.0008630092722	0.004981133581	-0.1723577327	0.001401063874	0.006534203861	-0.1723577327	-0.0006192398149	0.0009749337656	-0.1723577327	-0.002115178295	0.001536086535	-0.1723577327	-0.007642154693	0.003146880786
-0.1573170823	0.004050383644	0.003224417049	-0.1573170823	0.005483013952	0.004838870895	-0.1573170823	-0.008556256108	0.004191423899	-0.1573170823	0.01090375306	0.007255534464	-0.1573170823	0.02923502476	0.01127351837	-0.1573170823	0.000667085171	0.006278232167	-0.1573170823	-0.002137383036	0.001896725947	-0.1573170823	-0.004112635331	0.006684085424	-0.1573170823	0.02146347503	0.008222040246	-0.1573170823	0.0003095050739	0.00419016677
-0.142276432	0.009838815831	0.007933547043	-0.142276432	0.001903986206	0.004495588072	-0.142276432	0.007514517974	0.00823833765	-0.142276432	0.01580277621	0.007767794348	-0.142276432	0.001001545282	0.00453577771	-0.142276432	-0.01318674382	0.004480843812	-0.142276432	0.005710894129	0.007467553458	-0.142276432	-0.002332531692	0.007872699531	-0.142276432	0.004864503443	0.005190675209	-0.142276432	-0.002388830563	0.001601511872
-0.1272357816	0.01219312917	0.008144134269	-0.1272357816	0.005120186324	0.005277702998	-0.1272357816	0.009353294892	0.008505028977	-0.1272357816	-0.02485435341	0.007753609737	-0.1272357816	-0.007192993102	0.003392994768	-0.1272357816	0.008728190877	0.005981297026	-0.1272357816	-0.007048233232	0.003345059577	-0.1272357816	-0.0009272239711	0.005867015951	-0.1272357816	0.0004298298274	0.005985323828	-0.1272357816	0.0006824193939	0.002643487705
-0.1121951313	0.001113287293	0.007375175986	-0.1121951313	0.00619666676	0.004099240243	-0.1121951313	0.009286167774	0.006214224848	-0.1121951313	-0.003664464598	0.003975320356	-0.1121951313	-0.000454166871	0.001136508402	-0.1121951313	-0.001709105516	0.001516402753	-0.1121951313	0.004431005269	0.0063330081	-0.1121951313	0.01349314662	0.009107344875	-0.1121951313	0.004762470772	0.006140263626	-0.1121951313	0.0157570747	0.006171365543
-0.0971544809	-0.01370407859	0.006037097371	-0.0971544809	-0.0008734619578	0.004853591744	-0.0971544809	0.001387837216	0.006264266515	-0.0971544809	-0.0001394368927	0.005360495092	-0.0971544809	-0.006265022834	0.006638864635	-0.0971544809	0.001576142039	0.005505808302	-0.0971544809	-0.0004438195187	0.0008223778569	-0.0971544809	-0.007128561867	0.005311383374	-0.0971544809	0.008513843797	0.006693740172	-0.0971544809	0.004643461184	0.006250357544
-0.08211383054	0.01158758603	0.008503299751	-0.08211383054	0.005724944334	0.005347243163	-0.08211383054	0.008482940621	0.007651605978	-0.08211383054	0.02613870321	0.01230065729	-0.08211383054	0.007784314772	0.00533508	-0.08211383054	-0.008701262261	0.006569579957	-0.08211383054	0.005828569517	0.005296510567	-0.08211383054	-0.00236113126	0.004077145913	-0.08211383054	-0.00114112342	0.003131102706	-0.08211383054	0.006263662861	0.004454128251
-0.06707318018	-0.0007565179636	0.0009539014521	-0.06707318018	0.000801454002	0.004149870224	-0.06707318018	-0.008992472857	0.007091462749	-0.06707318018	-0.01851643319	0.01563060717	-0.06707318018	0.01460596087	0.008187982509	-0.06707318018	-0.007519217738	0.003685585226	-0.06707318018	-0.007867206609	0.003670450225	-0.06707318018	0.01472646489	0.006690516007	-0.06707318018	-0.003958031183	0.007278322716	-0.06707318018	0.002948298042	0.005908304351
-0.05203252982	-0.01051049792	0.005045197393	-0.05203252982	0.01075571874	0.005554142537	-0.05203252982	-0.003630306265	0.002234904663	-0.05203252982	0.002128103919	0.01342514831	-0.05203252982	-0.003782293944	0.002383068874	-0.05203252982	0.009906441074	0.007438114554	-0.05203252982	0.00185244578	0.004765429254	-0.05203252982	0.001812136113	0.002301577268	-0.05203252982	0.008191825562	0.009184553446	-0.05203252982	0.01035956165	0.007457097417
-0.03699187947	0.01176660704	0.007711132604	-0.03699187947	0.007533264739	0.00470669247	-0.03699187947	-0.006383789628	0.003056904368	-0.03699187947	0.0	0.0	-0.03699187947	0.005146928438	0.004007164856	-0.03699187947	0.00924178672	0.005303677407	-0.03699187947	0.01810511032	0.008033019834	-0.03699187947	0.01771222974	0.007092304382	-0.03699187947	0.0009853404814	0.006988237108	-0.03699187947	0.007297912324	0.008825504315
-0.02195122911	0.008543445545	0.02118987509	-0.02195122911	0.05706648164	0.01836896244	-0.02195122911	-0.009959393582	0.01715295137	-0.02195122911	-0.00183525774	0.01524321629	-0.02195122911	0.002865427429	0.0137983874	-0.02195122911	-0.04439058717	0.01161748679	-0.02195122911	0.009318570457	0.01257048571	-0.02195122911	0.01581885249	0.01096830255	-0.02195122911	0.0005615350884	0.01306609396	-0.02195122911	0.01223486838	0.01386684987
-0.006910578749	0.04731118387	0.03536857629	-0.006910578749	0.08800042074	0.02719791118	-0.006910578749	0.0745143497	0.02774801933	-0.006910578749	-0.01463125693	0.02530753895	-0.006910578749	-0.002779930265	0.02389235355	-0.006910578749	-0.02235198344	0.01850791157	-0.006910578749	0.03535694049	0.02425258298	-0.006910578749	0.05064662248	0.01926991637	-0.006910578749	0.05786183493	0.02162248637	-0.006910578749	0.02808582216	0.01697702035
0.008130071609	0.06528461178	0.02605649386	0.008130071609	0.06005743348	0.01897008577	0.008130071609	0.0392790582	0.02052434855	0.008130071609	-0.03356445109	0.01565211739	0.008130071609	0.01621572081	0.01792378257	0.008130071609	0.02439217821	0.01828206127	0.008130071609	-0.01357645474	0.01819649259	0.008130071609	0.07106865404	0.02505772743	0.008130071609	-0.01297105547	0.02103135399	0.008130071609	-0.001663058027	0.01263050675
0.02317072197	0.01810879718	0.01137496023	0.02317072197	0.0003789161494	0.009953790737	0.02317072197	-0.001380823023	0.01079564409	0.02317072197	0.01758519316	0.01289786843	0.02317072197	0.009863052768	0.006944767384	0.02317072197	-0.001935320417	0.009137752636	0.02317072197	0.005342475317	0.01036415556	0.02317072197	-0.005814183314	0.007885758902	0.02317072197	0.02627060069	0.01077650261	0.02317072197	0.0008139950669	0.008702437188
0.03821137233	-0.008758924681	0.008895991995	0.03821137233	-0.002178921621	0.005581186441	0.03821137233	0.02588426004	0.01394056693	0.03821137233	0.0007926277304	0.006746057701	0.03821137233	-0.005038420621	0.003390758883	0.03821137233	0.01747945909	0.009785393047	0.03821137233	-0.01209594698	0.007313871038	0.03821137233	0.009608243692	0.01440116069	0.03821137233	-0.008496711515	0.01007392327	0.03821137233	0.01137521763	0.008313841574
0.05325202268	0.01152986457	0.009393769773	0.05325202268	0.002452103697	0.006185013649	0.05325202268	0.0053126046	0.007949499271	0.05325202268	0.012815603	0.008977249543	0.05325202268	-0.0002395378463	0.008506221213	0.05325202268	0.01528681046	0.01024173211	0.05325202268	0.0041743364	0.007546246806	0.05325202268	-0.001171542217	0.01073117474	0.05325202268	0.01580559057	0.009928640886	0.05325202268	0.02214520662	0.01134788186
0.06829267304	0.01273976043	0.01194541012	0.06829267304	0.002652804023	0.005649616408	0.06829267304	0.009047102507	0.00961341097	0.06829267304	0.005850436828	0.01083851131	0.06829267304	0.01100742539	0.01048225338	0.06829267304	0.0006471617209	0.007917510661	0.06829267304	0.002793179243	0.006942262332	0.06829267304	0.002479554786	0.007789968761	0.06829267304	-0.00887230516	0.007201837557	0.06829267304	0.005618968745	0.007102748059
0.0833333234	-0.01243547202	0.008196821065	0.0833333234	-0.00165423444	0.004655126628	0.0833333234	-0.003006386783	0.009585132099	0.0833333234	-0.03275867547	0.02279091836	0.0833333234	-0.004170026442	0.01075328777	0.0833333234	-0.0102398375	0.006072270608	0.0833333234	-0.001446929419	0.007220280727	0.0833333234	0.01348819332	0.01056845897	0.0833333234	-0.002775585183	0.005322991013	0.0833333234	0.001547041876	0.005193083487
0.09837397376	0.004286831393	0.007858317664	0.09837397376	0.01304565909	0.007987920227	0.09837397376	-0.002413632632	0.009292703042	0.09837397376	-0.007599409409	0.00730247128	0.09837397376	0.02857697677	0.01175529475	0.09837397376	0.0001169449626	0.009357459	0.09837397376	0.02196084162	0.01130211621	0.09837397376	0.003051693112	0.006558627379	0.09837397376	0.0119122602	0.0100021583	0.09837397376	0.009613331531	0.01196272743
0.1134146241	0.005446245754	0.007368582284	0.1134146241	0.01480147801	0.007713112479	0.1134146241	-0.002271917703	0.007776162517	0.1134146241	-0.01106247464	0.01191480168	0.1134146241	0.003101127295	0.006912131805	0.1134146241	0.01354119331	0.01004915794	0.1134146241	-0.004293347179	0.008087028089	0.1134146241	-0.005877555189	0.003096738866	0.1134146241	-0.005575554795	0.007960993519	0.1134146241	-0.0130556342	0.004798304746
0.1284552745	0.002594033832	0.007290865605	0.1284552745	0.02405921538	0.01055512321	0.1284552745	-0.02297083274	0.009858583136	0.1284552745	0.00766351963	0.01078482411	0.1284552745	0.01537791486	0.0114651681	0.1284552745	-0.005685159533	0.009079607756	0.1284552745	-0.006436414995	0.007661777088	0.1284552745	-0.003151686789	0.01370089954	0.1284552745	-0.01080890406	0.0077387866	0.1284552745	0.003440209674	0.0066127785
0.1434959248	0.003383395976	0.01101190432	0.1434959248	0.009829954098	0.007106898819	0.1434959248	0.0244830891	0.01387203316	0.1434959248	-0.008341149617	0.01034080186	0.1434959248	-0.0002343523494	0.01013455305	0.1434959248	-0.005200670721	0.007688167033	0.1434959248	0.007852424338	0.01058601121	0.1434959248	-0.002901038517	0.01017388501	0.1434959248	-0.008714604294	0.007612685806	0.1434959248	0.01590986426	0.01237629453
0.1585365752	-0.002970315876	0.00648854763	0.1585365752	0.00274543465	0.007972156869	0.1585365752	0.04362967603	0.01582294187	0.1585365752	0.01490092502	0.009219501801	0.1585365752	0.01189215647	0.0157605966	0.1585365752	-0.01201590636	0.01058905798	0.1585365752	0.006430108073	0.01293375037	0.1585365752	-0.005017745646	0.01195862051	0.1585365752	0.001873112774	0.005764763226	0.1585365752	0.001500003479	0.00718131067
0.1735772255	-0.004406148183	0.0119515682	0.1735772255	-0.000858902933	0.0077728703	0.1735772255	-0.001613927915	0.01141452531	0.1735772255	0.008311689396	0.01228737014	0.1735772255	0.009438078512	0.01272147937	0.1735772255	0.02672712118	0.01602609236	0.1735772255	0.01164821019	0.01210846766	0.1735772255	0.01018100003	0.006898554348	0.1735772255	-0.009216170459	0.008568510946	0.1735772255	-0.01227538198	0.006594661711
0.1886178759	0.008252779264	0.01094033436	0.1886178759	0.01219160008	0.01030550401	0.1886178759	0.01086196001	0.01261537002	0.1886178759	0.009087999253	0.01443175225	0.1886178759	0.02550232557	0.01459651871	0.1886178759	0.03633211824	0.0177890768	0.1886178759	0.002791850233	0.01750766405	0.1886178759	-0.00323602362	0.01244996674	0.1886178759	0.02867658219	0.01701120262	0.1886178759	-0.003478461766	0.01372385454
0.2036585263	0.04100234964	0.01789956866	0.2036585263	0.02432896214	0.01340542222	0.2036585263	-0.003288000741	0.01418903503	0.2036585263	0.0237294498	0.01704947755	0.2036585263	-0.004781037095	0.007927041073	0.2036585263	0.02128991162	0.01127449885	0.2036585263	0.03648214344	0.01752124529	0.2036585263	-0.01516405049	0.005589654733	0.2036585263	0.0233823415	0.01173820793	0.2036585263	-0.002044379314	0.008410658767
0.2186991766	-0.002860726565	0.00511020942	0.2186991766	0.009610732963	0.00983430751	0.2186991766	0.02661025349	0.03475651986	0.2186991766	0.03617347937	0.01736276364	0.2186991766	-0.009402621278	0.006968705425	0.2186991766	-0.002302152885	0.007282092155	0.2186991766	-0.006890844554	0.01349579506	0.2186991766	0.04010768911	0.01714432552	0.2186991766	-0.002540167629	0.00938745538	0.2186991766	0.01345093891	0.01714278354
0.233739827	0.03080069154	0.01754214481	0.233739827	-0.005614249483	0.009653932974	0.233739827	-0.009165999975	0.005779730215	0.233739827	-0.006873112463	0.01332435567	0.233739827	-0.01136755572	0.01218422303	0.233739827	-0.01029306276	0.00492311985	0.233739827	0.04688739214	0.02428971862	0.233739827	-0.0001697342981	0.01235785045	0.233739827	0.01058195075	0.01211409596	0.233739827	0.002764176671	0.01088873103
0.2487804773	0.03314007412	0.01707002572	0.2487804773	0.03999702278	0.01773559258	0.2487804773	0.02797084563	0.01559088534	0.2487804773	-0.02907109028	0.01130620689	0.2487804773	0.005853315398	0.01001947593	0.2487804773	0.009326165297	0.01247676596	0.2487804773	0.03842446494	0.02339732037	0.2487804773	0.009629702189	0.02676102949	0.2487804773	0.0001684485367	0.009885060071	0.2487804773	-0.005283428696	0.003796691456
0.2638211277	-0.001369888027	0.008612491364	0.2638211277	0.03540725992	0.01442821773	0.2638211277	0.006554501391	0.01392771396	0.2638211277	0.04241587406	0.02636442644	0.2638211277	0.01037257028	0.0121338962	0.2638211277	0.0059697097	0.01271107873	0.2638211277	0.04930997888	0.02243750815	0.2638211277	-0.001454373058	0.009249424906	0.2638211277	0.01796250237	0.01126277975	0.2638211277	-0.0056234111	0.0047346694
0.2788617781	-0.005482442999	0.01841939248	0.2788617781	0.006554031365	0.01108099697	0.2788617781	0.0004581326586	0.01969222686	0.2788617781	-0.003327894172	0.01387699581	0.2788617781	0.02339225333	0.01557011672	0.2788617781	0.0369956402	0.02086516665	0.2788617781	0.01273095231	0.01026474873	0.2788617781	-0.009928626161	0.008878177692	0.2788617781	0.02312473817	0.01078666338	0.2788617781	0.0002278521946	0.02039038244
0.2939024284	-0.006112915153	0.01328889911	0.2939024284	0.01369192545	0.01293848735	0.2939024284	0.01250290087	0.01776097044	0.2939024284	0.02681851571	0.01865592372	0.2939024284	-0.008517442667	0.01586263764	0.2939024284	0.0295432928	0.0197101514	0.2939024284	-0.0101031165	0.01187463737	0.2939024284	-0.008810366099	0.006916323899	0.2939024284	0.04264652803	0.01528540071	0.2939024284	0.07059368755	0.03968503386
0.3089430788	0.0159747799	0.01139997251	0.3089430788	0.0188088469	0.01496263953	0.3089430788	0.03972756959	0.02583403401	0.3089430788	-0.006771614514	0.01557072108	0.3089430788	0.03337439213	0.02192873181	0.3089430788	-0.006016141033	0.01032230211	0.3089430788	-0.001610095144	0.01268021882	0.3089430788	0.0116725959	0.01193809938	0.3089430788	0.02657137428	0.01655865476	0.3089430788	-0.01257894371	0.01030917623
0.3239837291	0.01712606281	0.01404925796	0.3239837291	-0.005102533178	0.007508430327	0.3239837291	-0.02341824093	0.02879679923	0.3239837291	0.02580932317	0.01793352747	0.3239837291	-0.008308640861	0.0103179577	0.3239837291	0.0177257386	0.01800702677	0.3239837291	0.03609316891	0.02057046885	0.3239837291	0.02214840661	0.01778323867	0.3239837291	0.02001649053	0.01691661305	0.3239837291	0.06719331974	0.05587969594
0.3390243795	0.01321476314	0.02017751029	0.3390243795	0.005314827267	0.01494691129	0.3390243795	0.04044843297	0.02217726426	0.3390243795	0.01083603515	0.01465414268	0.3390243795	0.01589311035	0.01925114467	0.3390243795	0.0004908946039	0.02164023107	0.3390243795	0.02013782276	0.01689437027	0.3390243795	0.01363100031	0.01744419996	0.3390243795	-0.005036814743	0.01196942586	0.3390243795	0.01181079722	0.05896817716
0.3540650298	0.02569208596	0.01782790865	0.3540650298	0.003860903676	0.01039737547	0.3540650298	0.05598431758	0.0318181899	0.3540650298	0.03361118639	0.02068493863	0.3540650298	-0.03591487598	0.01049965935	0.3540650298	0.01331264238	0.01321829973	0.3540650298	0.01106326242	0.0199103933	0.3540650298	0.01455223683	0.01350797292	0.3540650298	0.009304924326	0.0121670559	0.3540650298	-0.1702922447	0.1221384564
0.3691056802	0.02417602056	0.02021890318	0.3691056802	-0.006796044289	0.01596128407	0.3691056802	0.03036844693	0.01985862587	0.3691056802	0.0290575783	0.0177169592	0.3691056802	0.01138763139	0.0187896492	0.3691056802	0.02429659334	0.02207721295	0.3691056802	-0.00232350269	0.01893525373	0.3691056802	0.05901955595	0.02346732827	0.3691056802	0.02902387663	0.01366340946	0.3691056802	0.0	0.0
0.3841463306	0.01469907717	0.01837866203	0.3841463306	0.02450835996	0.01689551024	0.3841463306	0.01444485887	0.02049757521	0.3841463306	0.02820358988	0.01742524089	0.3841463306	0.001903443695	0.01213140095	0.3841463306	-0.0002551300966	0.02714865568	0.3841463306	0.04510396632	0.02266351152	0.3841463306	0.0670483774	0.02304125675	0.3841463306	0.0132124974	0.01592183558	0.3841463306	0.0	0.0
0.3991869809	-0.04230424311	0.01453876751	0.3991869809	0.04522655194	0.01752691014	0.3991869809	-0.001083799718	0.01990587141	0.3991869809	-0.006979940215	0.0204518166	0.3991869809	-0.01698953339	0.02063967586	0.3991869809	-0.02426553517	0.01485090167	0.3991869809	0.001103917204	0.01724892221	0.3991869809	-0.003703121345	0.02002794332	0.3991869809	0.01785689823	0.01670680669	0.3991869809		
0.4142276313	0.001620610895	0.01568218824	0.4142276313	0.04509109965	0.01876795318	0.4142276313	0.01076698025	0.01765944613	0.4142276313	-0.009124323602	0.02691314807	0.4142276313	0.03800855005	0.0255459649	0.4142276313	-0.01188876255	0.0165327128	0.4142276313	0.01490717251	0.01884947757	0.4142276313	-0.02948353316	0.02307407297	0.4142276313	-0.05269559238	0.01804965439	0.4142276313		
0.4292682816	0.05436858058	0.02979199615	0.4292682816	0.04780137328	0.02466401735	0.4292682816	-0.001460828148	0.02414484735	0.4292682816	0.04200780922	0.02421519578	0.4292682816	-0.01365331994	0.01896047856	0.4292682816	0.02503871126	0.02377466744	0.4292682816	0.02157938887	0.02402077565	0.4292682816	0.02533243144	0.02614246431	0.4292682816	0.05341673425	0.02898513041	0.4292682816		
0.444308932	0.03858087997	0.03580496791	0.444308932	-0.0162607488	0.01261345858	0.444308932	0.01789232287	0.0278863219	0.444308932	0.05341965466	0.03069488008	0.444308932	0.02744044162	0.03050419193	0.444308932	0.05747491998	0.04308791479	0.444308932	0.03981591075	0.03100980724	0.444308932	0.03514027049	0.01925126375	0.444308932	0.03773284249	0.0337946595	0.444308932		
0.4593495824	0.0666063532	0.03048595174	0.4593495824	0.06382504762	0.03079863251	0.4593495824	0.008499744649	0.04884307056	0.4593495824	0.01126796155	0.02770783709	0.4593495824	0.03158893885	0.03325414223	0.4593495824	-0.00903205327	0.02335532682	0.4593495824	0.02910542954	0.02789277239	0.4593495824	0.02758043483	0.02438981379	0.4593495824	0.06670681969	0.03374922163	0.4593495824		
0.4743902327	0.0377804012	0.03221870378	0.4743902327	0.008929439501	0.02628607531	0.4743902327	0.01588628113	0.04391473057	0.4743902327	0.006970210846	0.02292984584	0.4743902327	0.06801036349	0.03362230514	0.4743902327	0.04700122558	0.04256618385	0.4743902327	0.07642085817	0.03496065129	0.4743902327	0.02194139489	0.0241388496	0.4743902327	-0.01378454325	0.02204282865	0.4743902327		
0.4894308831	0.02417425191	0.03390000292	0.4894308831	0.0408674729	0.02120363152	0.4894308831	0.0600744767	0.04629295913	0.4894308831	0.02355690326	0.03570252079	0.4894308831	0.02007143649	0.02253208973	0.4894308831	0.09224453533	0.0357970564	0.4894308831	0.05468717223	0.02968512386	0.4894308831	0.03126940571	0.02567586926	0.4894308831	-0.009474841964	0.0325085201	0.4894308831		
0.5044715334	0.00541561556	0.03280321216	0.5044715334	0.02154712989	0.02597350572	0.5044715334	-0.001647243926	0.04059388723	0.5044715334	-0.0200052909	0.02623356114	0.5044715334	0.04041119414	0.0303496042	0.5044715334	0.07601877923	0.03743539766	0.5044715334	0.04061838719	0.02854751095	0.5044715334	0.03779573338	0.01971479527	0.5044715334	0.003320998066	0.03004733202	0.5044715334		
0.5195121838	0.004751480862	0.03573138043	0.5195121838	0.03923274104	0.03066431766	0.5195121838	0.07343049661	0.05212813843	0.5195121838	-0.026467416	0.03868674674	0.5195121838	0.04689811011	0.03666634812	0.5195121838	0.1245651957	0.04724093708	0.5195121838	0.006912569411	0.02050314625	0.5195121838	0.01951851427	0.03527853842	0.5195121838	0.01719886232	0.02364029726	0.5195121838		
0.5345528341	0.08581434611	0.05676522444	0.5345528341	0.02173848665	0.02477857647	0.5345528341	0.007338506079	0.04402220972	0.5345528341	0.03510699527	0.040100248	0.5345528341	0.02573623425	0.0419834576	0.5345528341	0.04594483501	0.04290112693	0.5345528341	0.06967265393	0.05675548113	0.5345528341	0.03206661046	0.03319820727	0.5345528341	-0.002981026466	0.0233555874	0.5345528341		
0.5495934845	-0.02864759976	0.03683727347	0.5495934845	0.03733734649	0.03138636959	0.5495934845	0.06090190468	0.05248889221	0.5495934845	0.06747497303	0.04626399759	0.5495934845	0.1324163784	0.05246381744	0.5495934845	0.1492829436	0.05172094006	0.5495934845	0.1050500339	0.04397421533	0.5495934845	0.1266632017	0.04618510473	0.5495934845	0.08387134822	0.06660378716	0.5495934845		
0.5646341349	0.07941122247	0.07914953129	0.5646341349	0.05426450898	0.03762550095	0.5646341349	0.04013454368	0.03752623964	0.5646341349	0.09164090976	0.05170828438	0.5646341349	0.1396171329	0.04935418216	0.5646341349	-0.008830204861	0.03661856004	0.5646341349	-0.03238675837	0.02793399913	0.5646341349	-0.04066728405	0.02523349827	0.5646341349	0.1015875785	0.08538448377	0.5646341349		
0.5796747852	-0.02458053119	0.04687377539	0.5796747852	0.04061326483	0.04188763161	0.5796747852	0.140417372	0.06002366516	0.5796747852	0.0627540001	0.04360564843	0.5796747852	0.006021822	0.04571176642	0.5796747852	0.04153297761	0.04378777471	0.5796747852	0.06899524094	0.04650101546	0.5796747852	0.06958211939	0.04425652039	0.5796747852	-0.1052130005	0.07182213404	0.5796747852		
0.5947154356	0.1073630912	0.05581088083	0.5947154356	0.008350409278	0.03612898311	0.5947154356	0.07349728763	0.05855329024	0.5947154356	0.04810327783	0.05525049363	0.5947154356	0.1767315961	0.06266099027	0.5947154356	0.07831529083	0.05651940174	0.5947154356	0.04118312148	0.04337691798	0.5947154356	0.05242456727	0.05366511138	0.5947154356	-0.1181751159	0.2548661388	0.5947154356		
0.6097560859	-0.06571872096	0.07258118768	0.6097560859	0.08635888896	0.04309893807	0.6097560859	-0.02440046523	0.06073100421	0.6097560859	0.04428257442	0.04132606948	0.6097560859	0.1525450761	0.06513000075	0.6097560859	0.1445535374	0.05657834969	0.6097560859	0.0404779312	0.04642290762	0.6097560859	0.05608629611	0.04719151824	0.6097560859	-0.5937699228	0.8139792087	0.6097560859		
0.6247967363	0.006236159276	0.06280784373	0.6247967363	0.01428420362	0.0459922885	0.6247967363	0.09052955555	0.06667046715	0.6247967363	0.1168692238	0.07060968245	0.6247967363	0.1202653056	0.0665479044	0.6247967363	0.01680250018	0.06223843412	0.6247967363	0.0401769747	0.04957512285	0.6247967363	0.02256649124	0.04111615362	0.6247967363			0.6247967363		
0.6398373866	0.083170376	0.07201284608	0.6398373866	0.01651987214	0.05444855398	0.6398373866	-0.02323026507	0.06821834844	0.6398373866	0.07457461109	0.06955198803	0.6398373866	0.1196599312	0.07590253288	0.6398373866	0.1038142699	0.05997575375	0.6398373866	0.1201041529	0.07017518383	0.6398373866	0.07922259092	0.05634514169	0.6398373866			0.6398373866		
0.654878037	0.1099382539	0.06423550176	0.654878037	-0.09585709207	0.04833039519	0.654878037	0.01206555888	0.05830583568	0.654878037	0.2304198423	0.08290378468	0.654878037	0.09972101626	0.06728361652	0.654878037	0.09989526581	0.07500292787	0.654878037	0.02406131527	0.06385922963	0.654878037	0.1360807836	0.07635538818	0.654878037			0.654878037		
0.6699186874	0.0374419578	0.04775732488	0.6699186874	0.1543717294	0.0668491393	0.6699186874	0.08642486096	0.08433371699	0.6699186874	0.0575449802	0.07336757932	0.6699186874	-0.02360501761	0.07812105068	0.6699186874	0.1754259741	0.08953738963	0.6699186874	0.1714158467	0.0845389728	0.6699186874	1.933972745e-05	0.07108256804	0.6699186874			0.6699186874		
0.6849593377	0.6767480425	0.3768675416	0.6849593377	0.1652946293	0.07227999126	0.6849593377	-0.01831434982	0.1029734862	0.6849593377	0.1600616644	0.09890186035	0.6849593377	0.05500798802	0.09087858137	0.6849593377	0.004702250761	0.0972030882	0.6849593377	0.1110375535	0.08852156525	0.6849593377	0.04775328493	0.08911295673	0.6849593377			0.6849593377		
0.6999999881	-0.05691741394	0.1774943949	0.6999999881	0.07326268527	0.09074343858	0.6999999881	0.2415690671	0.1176585047	0.6999999881	0.1359435977	0.09713273225	0.6999999881	0.08105276966	0.09332496138	0.6999999881	0.126671342	0.1047338146	0.6999999881	0.1055984177	0.07081940856	0.6999999881	0.1064418899	0.1003656935	0.6999999881			0.6999999881		
